tweet-sno-1198	Q0	vclaim-sno-crowded-train-station-ukraine	1	41.72906121239085	SimBa
tweet-sno-1198	Q0	vclaim-sno-arma-game-clip-ukraine	1	34.62301825699314	SimBa
tweet-sno-1198	Q0	vclaim-sno-russian-paratroopers-ukraine	1	31.685311745555378	SimBa
tweet-sno-1198	Q0	vclaim-sno-ukraine-road-sign-russia	1	30.095050148501887	SimBa
tweet-sno-1198	Q0	vclaim-sno-elon-musk-starlink-ukraine	1	28.53436705058643	SimBa
tweet-sno-1199	Q0	vclaim-sno-elon-musk-starlink-ukraine	1	52.34883655426855	SimBa
tweet-sno-1199	Q0	vclaim-sno-tesla-hiring-complaints-elon-musk	1	29.632821377032872	SimBa
tweet-sno-1199	Q0	vclaim-sno-arma-game-clip-ukraine	1	29.273654545917648	SimBa
tweet-sno-1199	Q0	vclaim-sno-russian-paratroopers-ukraine	1	28.753382854872168	SimBa
tweet-sno-1199	Q0	vclaim-sno-ukraine-letter-mark-zuckerberg	1	27.19285655246672	SimBa
tweet-sno-1200	Q0	vclaim-sno-elon-musk-starlink-ukraine	1	34.50928002866451	SimBa
tweet-sno-1200	Q0	vclaim-sno-back-to-the-future-michael-j-fox	1	21.85948893781199	SimBa
tweet-sno-1200	Q0	vclaim-sno-elon-musk-buca-di-beppo	1	21.583610209397193	SimBa
tweet-sno-1200	Q0	vclaim-sno-first-space-hotel-opening	1	20.80395768884738	SimBa
tweet-sno-1200	Q0	vclaim-sno-russian-warship-us-navy	1	20.779456347332424	SimBa
tweet-sno-1201	Q0	vclaim-sno-elon-musk-starlink-ukraine	1	38.96555503653443	SimBa
tweet-sno-1201	Q0	vclaim-sno-ukraine-letter-mark-zuckerberg	1	34.482748852825615	SimBa
tweet-sno-1201	Q0	vclaim-sno-zelensky-trump-nothing-wrong	1	29.637176092018507	SimBa
tweet-sno-1201	Q0	vclaim-sno-arma-game-clip-ukraine	1	27.61869724646213	SimBa
tweet-sno-1201	Q0	vclaim-sno-ukraine-clinton-foundation	1	27.521248680842685	SimBa
tweet-sno-1202	Q0	vclaim-sno-un-ban-word-war-russia-ukraine	1	49.41121751903466	SimBa
tweet-sno-1202	Q0	vclaim-sno-bbc-nato-russia-nuclear-incident	1	32.07465200791431	SimBa
tweet-sno-1202	Q0	vclaim-sno-taking-kids-to-church-violates-rights	1	31.57104759696269	SimBa
tweet-sno-1202	Q0	vclaim-sno-un-order-migrant-caravan	1	31.094066942599337	SimBa
tweet-sno-1202	Q0	vclaim-sno-black-lives-matter-terrorist-russia	1	30.177142005091444	SimBa
tweet-sno-1203	Q0	vclaim-sno-fox-news-russia-canceled	1	46.89248444370892	SimBa
tweet-sno-1203	Q0	vclaim-sno-tucker-carlson-russian-television	1	34.64560167689178	SimBa
tweet-sno-1203	Q0	vclaim-sno-obama-block-fox-news-reporters	1	34.15652572079816	SimBa
tweet-sno-1203	Q0	vclaim-sno-fox-news-manafort-blackout-cheeseburger-emoji	1	33.953751594849045	SimBa
tweet-sno-1203	Q0	vclaim-sno-malice-of-absence	1	33.57308475943277	SimBa
tweet-sno-1204	Q0	vclaim-sno-killing-stone-split-evil-spirit	1	42.28229165795174	SimBa
tweet-sno-1204	Q0	vclaim-sno-hats-off-to-japan	1	27.07045870091549	SimBa
tweet-sno-1204	Q0	vclaim-sno-last-mosque-standing	1	26.269424207884896	SimBa
tweet-sno-1204	Q0	vclaim-sno-the-montauk-monster	1	25.142970353759278	SimBa
tweet-sno-1204	Q0	vclaim-sno-80-million-year-old-shark	1	24.620954381057476	SimBa
tweet-sno-1205	Q0	vclaim-sno-time-to-go-cover	1	33.08960397261324	SimBa
tweet-sno-1205	Q0	vclaim-sno-arma-game-clip-ukraine	1	33.003299457613984	SimBa
tweet-sno-1205	Q0	vclaim-sno-putin-hitler-time-magazine	1	32.53634376060774	SimBa
tweet-sno-1205	Q0	vclaim-sno-russian-paratroopers-ukraine	1	31.501506421306818	SimBa
tweet-sno-1205	Q0	vclaim-sno-crowded-train-station-ukraine	1	29.92236681796304	SimBa
tweet-sno-1206	Q0	vclaim-sno-did-aoc-say-this-about-trump	1	75.33160917022924	SimBa
tweet-sno-1206	Q0	vclaim-sno-aoc-gop-sad-stupid-vanity-fair	1	33.59508688829434	SimBa
tweet-sno-1206	Q0	vclaim-sno-aoc-capitol-attack	1	32.07219307801414	SimBa
tweet-sno-1206	Q0	vclaim-sno-ocasio-cortez-i-have-a-very-good-brain-trump	1	31.30289758576723	SimBa
tweet-sno-1206	Q0	vclaim-sno-aoc-scared-garbage-disposal	1	31.286763326026584	SimBa
tweet-sno-1207	Q0	vclaim-sno-cdc-speech-children-masking	1	52.65137067218424	SimBa
tweet-sno-1207	Q0	vclaim-sno-weighty-matters-2	1	25.43738050574076	SimBa
tweet-sno-1207	Q0	vclaim-sno-joe-biden-stutter	1	24.64652513659352	SimBa
tweet-sno-1207	Q0	vclaim-sno-cabbage-memo	1	24.583842664594883	SimBa
tweet-sno-1207	Q0	vclaim-sno-trump-down-syndrome-terminations	1	24.535512028602366	SimBa
tweet-sno-1208	Q0	vclaim-sno-putin-hitler-time-magazine	1	38.424269646186026	SimBa
tweet-sno-1208	Q0	vclaim-sno-putin-gives-obama-ultimatum	1	29.84370086679164	SimBa
tweet-sno-1208	Q0	vclaim-sno-russian-billboard-features-trump-and-putin	1	29.633496275265955	SimBa
tweet-sno-1208	Q0	vclaim-sno-time-magazine-cover-global-cooling	1	29.141504925004465	SimBa
tweet-sno-1208	Q0	vclaim-sno-letter-from-vladimir-putin	1	28.88876005587565	SimBa
tweet-sno-1209	Q0	vclaim-sno-ukraine-letter-mark-zuckerberg	1	40.93864352554244	SimBa
tweet-sno-1209	Q0	vclaim-sno-moderation-coup	1	31.229694660765656	SimBa
tweet-sno-1209	Q0	vclaim-sno-facebook-39no-religion39-campaign	1	30.43511148401768	SimBa
tweet-sno-1209	Q0	vclaim-sno-facebook-ban-posts-save-children	1	30.291468261727626	SimBa
tweet-sno-1209	Q0	vclaim-sno-facebook-paying-spies	1	30.290301472368743	SimBa
tweet-sno-1210	Q0	vclaim-sno-ukraine-letter-mark-zuckerberg	1	48.84154621563701	SimBa
tweet-sno-1210	Q0	vclaim-sno-zuckerberg-removing-pages	1	34.35998082597987	SimBa
tweet-sno-1210	Q0	vclaim-sno-zuckerberg-dont-share-hoaxes	1	32.349639107038755	SimBa
tweet-sno-1210	Q0	vclaim-sno-arma-game-clip-ukraine	1	32.284145762034264	SimBa
tweet-sno-1210	Q0	vclaim-sno-putin-gives-obama-ultimatum	1	31.72660642687708	SimBa
tweet-sno-1211	Q0	vclaim-sno-ukraine-letter-mark-zuckerberg	1	39.06672524094184	SimBa
tweet-sno-1211	Q0	vclaim-sno-loose-change	1	29.714664177608157	SimBa
tweet-sno-1211	Q0	vclaim-sno-putin-gives-obama-ultimatum	1	29.502148025908657	SimBa
tweet-sno-1211	Q0	vclaim-sno-putin-quote-criticizes-obama	1	29.452591846965394	SimBa
tweet-sno-1211	Q0	vclaim-sno-russia-warns-obama-monsanto	1	29.38370061106823	SimBa
tweet-sno-1212	Q0	vclaim-sno-anti-war-protester-moscow-sign	1	34.7923904106608	SimBa
tweet-sno-1212	Q0	vclaim-sno-arma-game-clip-ukraine	1	33.86432098937363	SimBa
tweet-sno-1212	Q0	vclaim-sno-russian-paratroopers-ukraine	1	33.65394024135327	SimBa
tweet-sno-1212	Q0	vclaim-sno-crowded-train-station-ukraine	1	32.64434198918166	SimBa
tweet-sno-1212	Q0	vclaim-sno-russian-flag-texas-capitol	1	29.610213888898073	SimBa
tweet-sno-1213	Q0	vclaim-sno-tucker-carlson-russian-television	1	37.70601192390178	SimBa
tweet-sno-1213	Q0	vclaim-sno-russian-tv-trump-agent	1	37.024859316020326	SimBa
tweet-sno-1213	Q0	vclaim-sno-zelensky-trump-nothing-wrong	1	35.640019673604975	SimBa
tweet-sno-1213	Q0	vclaim-sno-ukraine-road-sign-russia	1	34.717862808372644	SimBa
tweet-sno-1213	Q0	vclaim-sno-anti-war-protester-moscow-sign	1	34.323562036514964	SimBa
tweet-sno-1214	Q0	vclaim-sno-tucker-carlson-russian-television	1	49.08842732008975	SimBa
tweet-sno-1214	Q0	vclaim-sno-false-vladimir-putin-anti-muslim-speech	1	36.718838478917235	SimBa
tweet-sno-1214	Q0	vclaim-sno-letter-from-vladimir-putin	1	35.483214264933366	SimBa
tweet-sno-1214	Q0	vclaim-sno-putin-laugh-at-trump-loser	1	33.14180476991674	SimBa
tweet-sno-1214	Q0	vclaim-sno-vladimir-putin-to-sing-at-trumps-inauguration	1	33.07767054217107	SimBa
tweet-sno-1215	Q0	vclaim-sno-arma-game-clip-ukraine	1	39.65030672799977	SimBa
tweet-sno-1215	Q0	vclaim-sno-is-this-ghost-of-kyiv-video-real	1	35.89633712491135	SimBa
tweet-sno-1215	Q0	vclaim-sno-russian-paratroopers-ukraine	1	35.66214775702935	SimBa
tweet-sno-1215	Q0	vclaim-sno-russian-pilot-bridge-1965	1	29.76588786389924	SimBa
tweet-sno-1215	Q0	vclaim-sno-jet-flyover-selfie	1	26.727393039497112	SimBa
tweet-sno-1216	Q0	vclaim-sno-turkish-chant-putin-looks-like-dick	1	33.574951313717584	SimBa
tweet-sno-1216	Q0	vclaim-sno-arma-game-clip-ukraine	1	32.75798768183896	SimBa
tweet-sno-1216	Q0	vclaim-sno-ukraine-road-sign-russia	1	31.64862923482565	SimBa
tweet-sno-1216	Q0	vclaim-sno-russian-paratroopers-ukraine	1	31.551779694749808	SimBa
tweet-sno-1216	Q0	vclaim-sno-anti-war-protester-moscow-sign	1	29.10726090210366	SimBa
tweet-sno-1217	Q0	vclaim-sno-arma-game-clip-ukraine	1	44.61372079474461	SimBa
tweet-sno-1217	Q0	vclaim-sno-russian-paratroopers-ukraine	1	37.94526810401471	SimBa
tweet-sno-1217	Q0	vclaim-sno-nuclear-bomb-detonated-in-ukraine	1	30.727351209960688	SimBa
tweet-sno-1217	Q0	vclaim-sno-is-this-ghost-of-kyiv-video-real	1	30.095776163581302	SimBa
tweet-sno-1217	Q0	vclaim-sno-un-ban-word-war-russia-ukraine	1	29.703430497154113	SimBa
tweet-sno-1218	Q0	vclaim-sno-russian-paratroopers-ukraine	1	40.44559942788165	SimBa
tweet-sno-1218	Q0	vclaim-sno-arma-game-clip-ukraine	1	34.945258173757345	SimBa
tweet-sno-1218	Q0	vclaim-sno-russia-exosuit-syria-photo	1	26.17735346726506	SimBa
tweet-sno-1218	Q0	vclaim-sno-crowded-train-station-ukraine	1	26.028358604472135	SimBa
tweet-sno-1218	Q0	vclaim-sno-red-cross-nurse-normandy-beach	1	25.35537241632333	SimBa
tweet-sno-1219	Q0	vclaim-sno-trump-us-troops-landed-ukraine	1	41.26949584488573	SimBa
tweet-sno-1219	Q0	vclaim-sno-russian-tv-trump-agent	1	34.95382118511298	SimBa
tweet-sno-1219	Q0	vclaim-sno-russian-paratroopers-ukraine	1	34.014687597114325	SimBa
tweet-sno-1219	Q0	vclaim-sno-trump-ad-troops-russian-jets	1	33.956271620646824	SimBa
tweet-sno-1219	Q0	vclaim-sno-obama-calls-putin-a-jackass	1	33.336098291468595	SimBa
tweet-sno-1220	Q0	vclaim-sno-clueless-crocs	1	48.27684169970744	SimBa
tweet-sno-1220	Q0	vclaim-sno-guess-bag-sales-rip-off-telfar	1	27.810634026609275	SimBa
tweet-sno-1220	Q0	vclaim-sno-pajama-non-party	1	25.463956152230143	SimBa
tweet-sno-1220	Q0	vclaim-sno-toms-shoes	1	25.219195608812253	SimBa
tweet-sno-1220	Q0	vclaim-sno-liz-biz	1	24.472730744819085	SimBa
tweet-sno-1221	Q0	vclaim-sno-pharrell-beverly-hills-mansion	1	59.67023500521258	SimBa
tweet-sno-1221	Q0	vclaim-sno-obamas-mansion-marthas-vineyard	1	34.26643491901513	SimBa
tweet-sno-1221	Q0	vclaim-sno-jay-z-beyonce-buy-dmx-masters	1	29.222417852329915	SimBa
tweet-sno-1221	Q0	vclaim-sno-wikileaks-clintons-purchase-200-million-maldives-estate	1	28.853718672298424	SimBa
tweet-sno-1221	Q0	vclaim-sno-nancy-pelosi-tesla	1	28.653094936057087	SimBa
tweet-sno-1222	Q0	vclaim-sno-kandiss-taylor-jesus-guns-babies	1	44.476284112420096	SimBa
tweet-sno-1222	Q0	vclaim-sno-did-bachmann-say-jesus-created-rifles	1	29.799670110185	SimBa
tweet-sno-1222	Q0	vclaim-sno-beto-security-detail-nerf-guns	1	29.64850758258645	SimBa
tweet-sno-1222	Q0	vclaim-sno-sticker-shock-2	1	28.967787079615135	SimBa
tweet-sno-1222	Q0	vclaim-sno-keep-america-american	1	28.642344204827115	SimBa
tweet-sno-1223	Q0	vclaim-sno-boebert-award-red-lobster	1	42.57778304737402	SimBa
tweet-sno-1223	Q0	vclaim-sno-red-lobster-closing	1	27.36144898008202	SimBa
tweet-sno-1223	Q0	vclaim-sno-ben-jerrys-impeachmint-ice-cream	1	26.346265967413803	SimBa
tweet-sno-1223	Q0	vclaim-sno-sarah-huckabee-sanders-voted-among-admired-women-united-states	1	25.872802068758848	SimBa
tweet-sno-1223	Q0	vclaim-sno-is-taco-bell-financial-backer-moore	1	25.589066349223526	SimBa
tweet-sno-1224	Q0	vclaim-sno-trump-signed-nafta-wrong	1	48.87110782283778	SimBa
tweet-sno-1224	Q0	vclaim-sno-trump-mocks-trudeau-celebrating-thanksgiving-six-weeks-early	1	34.938227814844645	SimBa
tweet-sno-1224	Q0	vclaim-sno-trump-criticize-pm-trudeaus-social-media-use	1	34.4236918525563	SimBa
tweet-sno-1224	Q0	vclaim-sno-trump-autograph-womans-chest	1	34.07623847996769	SimBa
tweet-sno-1224	Q0	vclaim-sno-trump-speech-presidential-seal	1	33.92730877718899	SimBa
tweet-sno-1225	Q0	vclaim-sno-eminem-knee-super-bowl	1	47.43066140160354	SimBa
tweet-sno-1225	Q0	vclaim-sno-retired-marine-open-letter-nfl	1	33.46808129941551	SimBa
tweet-sno-1225	Q0	vclaim-sno-jerry-jones-speech-911	1	33.13377066349866	SimBa
tweet-sno-1225	Q0	vclaim-sno-fox-sports-cancels-nfl-broadcasts-players-respect-flag	1	32.554264877720506	SimBa
tweet-sno-1225	Q0	vclaim-sno-tim-tebow-kneel-anthem	1	32.402201937401706	SimBa
tweet-sno-1226	Q0	vclaim-sno-eminem-knee-super-bowl	1	46.71317279507526	SimBa
tweet-sno-1226	Q0	vclaim-sno-jerry-jones-speech-911	1	34.1559148238986	SimBa
tweet-sno-1226	Q0	vclaim-sno-tim-tebow-kneel-anthem	1	33.88435027863116	SimBa
tweet-sno-1226	Q0	vclaim-sno-john-elway-players-kneeling	1	32.401367522036146	SimBa
tweet-sno-1226	Q0	vclaim-sno-steelers-villanueva-police-brutality-protest	1	32.1087387633305	SimBa
tweet-sno-1227	Q0	vclaim-sno-gazpacho-police	1	39.37157449059754	SimBa
tweet-sno-1227	Q0	vclaim-sno-nazi-remains-giant-catfish	1	27.035342432987633	SimBa
tweet-sno-1227	Q0	vclaim-sno-muslim-refugees-olive-garden	1	27.02576431007971	SimBa
tweet-sno-1227	Q0	vclaim-sno-tennessee-rep-meth-lab	1	26.995938610690416	SimBa
tweet-sno-1227	Q0	vclaim-sno-illegal-alien-denied-cops-service-we-dont-serve-pigs	1	26.76349791664958	SimBa
tweet-sno-1228	Q0	vclaim-sno-gun-manufacturer-industry	1	48.28504386189184	SimBa
tweet-sno-1228	Q0	vclaim-sno-gun-manufacturers-crimes-products	1	40.36941900654855	SimBa
tweet-sno-1228	Q0	vclaim-sno-is-ll-bean-refusing-hire-gun-owners	1	34.346401084165095	SimBa
tweet-sno-1228	Q0	vclaim-sno-thomas-jefferson-gun-quote	1	33.58716225595401	SimBa
tweet-sno-1228	Q0	vclaim-sno-barack-obama-named-lawsuit-inciting-violence-police	1	33.50645646611613	SimBa
tweet-sno-1229	Q0	vclaim-sno-book-burnings-1933-2022	1	33.28924628128876	SimBa
tweet-sno-1229	Q0	vclaim-sno-portland-protesters-burn-bibles	1	30.403625577465732	SimBa
tweet-sno-1229	Q0	vclaim-sno-westboro-hero	1	30.23940976255986	SimBa
tweet-sno-1229	Q0	vclaim-sno-trump-kkk-cross-burning	1	29.751127489620586	SimBa
tweet-sno-1229	Q0	vclaim-sno-dont-mess-with-texas	1	27.94631023923169	SimBa
tweet-sno-1230	Q0	vclaim-sno-capitol-window-wave-video	1	49.49473553229708	SimBa
tweet-sno-1230	Q0	vclaim-sno-capitol-police-selfie	1	33.55011024077503	SimBa
tweet-sno-1230	Q0	vclaim-sno-trump-rant-mar-a-lago	1	30.118593952838456	SimBa
tweet-sno-1230	Q0	vclaim-sno-alexandria-shooter-james-hodgkinson-protested-with-sign-rand-paul-tweet	1	29.760842297838874	SimBa
tweet-sno-1230	Q0	vclaim-sno-raz-simone-guns	1	29.427068382375506	SimBa
tweet-sno-1231	Q0	vclaim-sno-capitol-window-wave-video	1	38.67132262002656	SimBa
tweet-sno-1231	Q0	vclaim-sno-capitol-police-opened-gates	1	33.47356430030407	SimBa
tweet-sno-1231	Q0	vclaim-sno-capitol-riot-podium	1	32.673728007271684	SimBa
tweet-sno-1231	Q0	vclaim-sno-police-hold-hand-trump-riot	1	31.78310222743792	SimBa
tweet-sno-1231	Q0	vclaim-sno-capitol-riots-private-party	1	31.470553586210702	SimBa
tweet-sno-1232	Q0	vclaim-sno-capitol-window-wave-video	1	46.72809587732646	SimBa
tweet-sno-1232	Q0	vclaim-sno-capitol-police-selfie	1	33.63957062345981	SimBa
tweet-sno-1232	Q0	vclaim-sno-police-hold-hand-trump-riot	1	30.75818738336682	SimBa
tweet-sno-1232	Q0	vclaim-sno-alexandria-shooter-james-hodgkinson-protested-with-sign-rand-paul-tweet	1	28.75712887517992	SimBa
tweet-sno-1232	Q0	vclaim-sno-james-comey-taken-from-home	1	28.685366727002176	SimBa
tweet-sno-1233	Q0	vclaim-sno-europa-io-jupiter-video	1	33.730041081414946	SimBa
tweet-sno-1233	Q0	vclaim-sno-jupiter-moons	1	29.681831791323404	SimBa
tweet-sno-1233	Q0	vclaim-sno-andromeda-galaxy-moon-photo	1	27.08143540424597	SimBa
tweet-sno-1233	Q0	vclaim-sno-two-moons-over-dubai	1	26.911214858046623	SimBa
tweet-sno-1233	Q0	vclaim-sno-giant-moon-blocking-sun-arctic	1	25.348139045574456	SimBa
tweet-sno-1234	Q0	vclaim-sno-freedom-convoy-canada	1	48.50065540554792	SimBa
tweet-sno-1234	Q0	vclaim-sno-guarded-response	1	29.077975798851437	SimBa
tweet-sno-1234	Q0	vclaim-sno-candi-cdebaca-tweet-coronavirus	1	27.932663344310527	SimBa
tweet-sno-1234	Q0	vclaim-sno-lockdown-protest-car-message	1	27.511749578371568	SimBa
tweet-sno-1234	Q0	vclaim-sno-anti-trump-protesters-bused-into-austin	1	27.452062127869784	SimBa
tweet-sno-1235	Q0	vclaim-sno-walmart-canada-covid-vaccination-proof	1	42.25587715786736	SimBa
tweet-sno-1235	Q0	vclaim-sno-canada-covid-travelers	1	34.09621956292343	SimBa
tweet-sno-1235	Q0	vclaim-sno-florida-covid-canadian-tourism	1	30.037079989885143	SimBa
tweet-sno-1235	Q0	vclaim-sno-is-walmart-going-bagless-on-july-1	1	29.277862367243042	SimBa
tweet-sno-1235	Q0	vclaim-sno-forced-vaccines-covid-19	1	28.569946396866687	SimBa
tweet-sno-1236	Q0	vclaim-sno-biden-doocy-stupid-bitch	1	45.28024138275067	SimBa
tweet-sno-1236	Q0	vclaim-sno-listen-to-scientists	1	33.85827305285989	SimBa
tweet-sno-1236	Q0	vclaim-sno-trump-politics-is-boring	1	32.90274086135479	SimBa
tweet-sno-1236	Q0	vclaim-sno-joe-biden-ask-reporter-junkie	1	31.789318415188124	SimBa
tweet-sno-1236	Q0	vclaim-sno-biden-blames-lazy-american-women	1	31.6763175331641	SimBa
tweet-sno-1237	Q0	vclaim-sno-covid-19-reinfection	1	37.272299459480145	SimBa
tweet-sno-1237	Q0	vclaim-sno-covid-deaths-4-comorbidities	1	35.97084853417058	SimBa
tweet-sno-1237	Q0	vclaim-sno-asymptomatic-covid-patients	1	35.27161126457106	SimBa
tweet-sno-1237	Q0	vclaim-sno-covid-nyc-tokyo	1	34.80668374416809	SimBa
tweet-sno-1237	Q0	vclaim-sno-flu-vaccine-covid-buttar	1	34.485192426981186	SimBa
tweet-sno-1238	Q0	vclaim-sno-anne-frank-good-news-quote	1	67.62616088682594	SimBa
tweet-sno-1238	Q0	vclaim-sno-when-a-writer-falls-in-love-with-you	1	29.706429637809887	SimBa
tweet-sno-1238	Q0	vclaim-sno-anne-frank-flowers-quote	1	29.189871282082223	SimBa
tweet-sno-1238	Q0	vclaim-sno-did-shakespeare-say-he-always-felt-happy	1	28.39246092784954	SimBa
tweet-sno-1238	Q0	vclaim-sno-shes-in-the-attic	1	28.129601051876886	SimBa
tweet-sno-1239	Q0	vclaim-sno-does-the-rock-own-a-t-rex-skull	1	48.761636069578344	SimBa
tweet-sno-1239	Q0	vclaim-sno-kid-rock-dumbfckistan-t-shirt	1	33.11745940424416	SimBa
tweet-sno-1239	Q0	vclaim-sno-cookie-monster-rock	1	32.86993133804051	SimBa
tweet-sno-1239	Q0	vclaim-sno-trump-rocky-tweet	1	31.12614273138662	SimBa
tweet-sno-1239	Q0	vclaim-sno-obese-turtle	1	29.72287838228704	SimBa
tweet-sno-1240	Q0	vclaim-sno-does-the-rock-own-a-t-rex-skull	1	42.44216365251868	SimBa
tweet-sno-1240	Q0	vclaim-sno-kid-rock-dumbfckistan-t-shirt	1	29.31182005704667	SimBa
tweet-sno-1240	Q0	vclaim-sno-trump-rocky-tweet	1	27.050444535284583	SimBa
tweet-sno-1240	Q0	vclaim-sno-hermit-crab-using-skull-shell	1	26.99666718378418	SimBa
tweet-sno-1240	Q0	vclaim-sno-quintuple-skull	1	26.57754833029036	SimBa
tweet-sno-1241	Q0	vclaim-sno-hidden-tax-credit-journalists	1	59.81313232974247	SimBa
tweet-sno-1241	Q0	vclaim-sno-gop-tax-plan-include-tax-cut-private-jet-owners	1	34.37703624770549	SimBa
tweet-sno-1241	Q0	vclaim-sno-republican-congress-approved-trump-tv	1	33.53196611154325	SimBa
tweet-sno-1241	Q0	vclaim-sno-california-text-tax	1	33.12333838038304	SimBa
tweet-sno-1241	Q0	vclaim-sno-trump-2013-taxes-leaked	1	32.67979962314319	SimBa
tweet-sno-1242	Q0	vclaim-sno-california-ethnic-studies-genocide	1	59.061889378171664	SimBa
tweet-sno-1242	Q0	vclaim-sno-education-oregon	1	34.593124526319876	SimBa
tweet-sno-1242	Q0	vclaim-sno-california-forbids-singing-covid	1	34.02939626382791	SimBa
tweet-sno-1242	Q0	vclaim-sno-california-naacp-want-replace-national-anthem	1	33.05364051482419	SimBa
tweet-sno-1242	Q0	vclaim-sno-shaun-king-jesus-statue	1	32.88825831701052	SimBa
tweet-sno-1243	Q0	vclaim-sno-california-ethnic-studies-genocide	1	43.78141898777239	SimBa
tweet-sno-1243	Q0	vclaim-sno-ucla-students-rally-behind-isis	1	30.877417045581794	SimBa
tweet-sno-1243	Q0	vclaim-sno-students-praise-allah-common-core	1	30.609385813125584	SimBa
tweet-sno-1243	Q0	vclaim-sno-is-california-requiring-students-arabic-numbers	1	28.436545623572282	SimBa
tweet-sno-1243	Q0	vclaim-sno-sanders-english-only-huerta	1	28.103509591776458	SimBa
tweet-sno-1244	Q0	vclaim-sno-california-ethnic-studies-genocide	1	33.44674300495853	SimBa
tweet-sno-1244	Q0	vclaim-sno-california-15-genders	1	24.636318092150063	SimBa
tweet-sno-1244	Q0	vclaim-sno-johns-hopkins-covid-summary	1	24.5119684570131	SimBa
tweet-sno-1244	Q0	vclaim-sno-cdc-refusing-vaccine-racism	1	24.356312783467956	SimBa
tweet-sno-1244	Q0	vclaim-sno-work-of-fiction	1	24.042533858105795	SimBa
tweet-sno-1245	Q0	vclaim-sno-joe-rogan-hamburgers	1	55.87135138424515	SimBa
tweet-sno-1245	Q0	vclaim-sno-jamie-oliver-mcdonalds-burgers	1	39.38065709107948	SimBa
tweet-sno-1245	Q0	vclaim-sno-mcdonalds-100-beef	1	35.79253333088517	SimBa
tweet-sno-1245	Q0	vclaim-sno-arbys-liquid-meat	1	31.885567969245102	SimBa
tweet-sno-1245	Q0	vclaim-sno-impossible-burgers-dogfood	1	31.783427089536275	SimBa
tweet-sno-1246	Q0	vclaim-sno-robot-bodyguard-king-of-bahrain	1	47.079125262803835	SimBa
tweet-sno-1246	Q0	vclaim-sno-saudi-arabia-beheads-robot	1	33.279253994736415	SimBa
tweet-sno-1246	Q0	vclaim-sno-saudi-arabia-eases-guardianship-rules-against-women	1	28.352316508199277	SimBa
tweet-sno-1246	Q0	vclaim-sno-obama-prince-al-waleed-bin-talal	1	27.04101014007739	SimBa
tweet-sno-1246	Q0	vclaim-sno-armed-robot-video	1	26.869566877543082	SimBa
tweet-sno-1247	Q0	vclaim-sno-gorsuch-flu-kills-fake-quote	1	55.54189993822215	SimBa
tweet-sno-1247	Q0	vclaim-sno-trump-governors-covid-19	1	37.29220200301188	SimBa
tweet-sno-1247	Q0	vclaim-sno-biden-120million-deaths-covid19	1	36.62364722716726	SimBa
tweet-sno-1247	Q0	vclaim-sno-pfizer-vaccine-israel	1	36.53266479841965	SimBa
tweet-sno-1247	Q0	vclaim-sno-trump-quote-never-died-before	1	35.34761312708145	SimBa
tweet-sno-1248	Q0	vclaim-sno-djokovic-federer-nadal	1	47.33043024938911	SimBa
tweet-sno-1248	Q0	vclaim-sno-djokovic-simone-biles-pressure-privilege	1	25.91401152041658	SimBa
tweet-sno-1248	Q0	vclaim-sno-daredevils-playing-tennis-airplane	1	23.381049837802006	SimBa
tweet-sno-1248	Q0	vclaim-sno-brussels-attack-video-fake	1	23.235497526161527	SimBa
tweet-sno-1248	Q0	vclaim-sno-did-king-tell-trump-hague	1	22.813890071140012	SimBa
tweet-sno-1249	Q0	vclaim-sno-children-hazmat-suits	1	30.683333850620865	SimBa
tweet-sno-1249	Q0	vclaim-sno-kid-rock-dumbfckistan-t-shirt	1	30.297917494402302	SimBa
tweet-sno-1249	Q0	vclaim-sno-girls-trump-tshirts-rally	1	29.40837615750713	SimBa
tweet-sno-1249	Q0	vclaim-sno-china-boys-dead-face-mask	1	28.58703696874743	SimBa
tweet-sno-1249	Q0	vclaim-sno-does-covid-stand-for	1	28.519461562582382	SimBa
tweet-sno-1250	Q0	vclaim-sno-covid-deaths-4-comorbidities	1	50.30599188805243	SimBa
tweet-sno-1250	Q0	vclaim-sno-biden-120million-deaths-covid19	1	39.93078064626872	SimBa
tweet-sno-1250	Q0	vclaim-sno-cdc-mortality-statistics	1	38.898683502156565	SimBa
tweet-sno-1250	Q0	vclaim-sno-biden-military-deaths-covid	1	37.26727381906452	SimBa
tweet-sno-1250	Q0	vclaim-sno-cdc-covid-19-data	1	34.520458921277786	SimBa
tweet-sno-1251	Q0	vclaim-sno-woodward-bernstein-photo-nixon	1	43.44938910914027	SimBa
tweet-sno-1251	Q0	vclaim-sno-handy-excuses-nixon-backers	1	36.382996438916585	SimBa
tweet-sno-1251	Q0	vclaim-sno-nixon-watergate-details-illegally-leaked	1	32.79907325131526	SimBa
tweet-sno-1251	Q0	vclaim-sno-hillary-clinton-watergate	1	31.880737110422462	SimBa
tweet-sno-1251	Q0	vclaim-sno-dershowitz-nixon-gang-dc	1	31.325615804381446	SimBa
tweet-sno-1252	Q0	vclaim-sno-did-china-launch-an-artificial-sun	1	41.771557961063074	SimBa
tweet-sno-1252	Q0	vclaim-sno-trump-rally-non-sun	1	32.59673154779519	SimBa
tweet-sno-1252	Q0	vclaim-sno-china-hospital-10-days	1	31.75716358401065	SimBa
tweet-sno-1252	Q0	vclaim-sno-panda-solar-farm-china	1	31.323236935208627	SimBa
tweet-sno-1252	Q0	vclaim-sno-trump-deletes-global-warning-claim	1	27.699449839315324	SimBa
tweet-sno-1253	Q0	vclaim-sno-david-bowie-newsnight-1999	1	47.93544352057441	SimBa
tweet-sno-1253	Q0	vclaim-sno-david-bowie-mtv-black-artists	1	29.33043853654512	SimBa
tweet-sno-1253	Q0	vclaim-sno-jagger-bowie-wife-rumor	1	29.212395435963618	SimBa
tweet-sno-1253	Q0	vclaim-sno-doonesbury-predicted-trump	1	28.58028401573134	SimBa
tweet-sno-1253	Q0	vclaim-sno-pat-robertson-david-bowie	1	28.323285658928707	SimBa
tweet-sno-1254	Q0	vclaim-sno-mike-pence-tweet	1	50.61975707250436	SimBa
tweet-sno-1254	Q0	vclaim-sno-hang-mike-pence-chant-capitol-riot	1	40.37963934296047	SimBa
tweet-sno-1254	Q0	vclaim-sno-mike-pence-called-traitor	1	39.41293051848541	SimBa
tweet-sno-1254	Q0	vclaim-sno-trump-pardoning-capitol-riot	1	38.60068447158261	SimBa
tweet-sno-1254	Q0	vclaim-sno-mypillow-antifa-temptresses	1	37.791254347023504	SimBa
tweet-sno-1255	Q0	vclaim-sno-mike-pence-tweet	1	50.23866124869087	SimBa
tweet-sno-1255	Q0	vclaim-sno-hang-mike-pence-chant-capitol-riot	1	43.200182902208205	SimBa
tweet-sno-1255	Q0	vclaim-sno-mike-pence-called-traitor	1	39.23742209855894	SimBa
tweet-sno-1255	Q0	vclaim-sno-mypillow-antifa-temptresses	1	38.193959407104494	SimBa
tweet-sno-1255	Q0	vclaim-sno-trump-peacefully-and-patriotically	1	37.728523267207514	SimBa
tweet-sno-1256	Q0	vclaim-sno-joe-biden-pinch-girls-nipple	1	40.14183299006328	SimBa
tweet-sno-1256	Q0	vclaim-sno-joe-biden-grope-photograph	1	35.00176981751094	SimBa
tweet-sno-1256	Q0	vclaim-sno-joe-biden-age-of-consent-8	1	33.77205923958121	SimBa
tweet-sno-1256	Q0	vclaim-sno-biden-kissing-girl	1	33.589327726206996	SimBa
tweet-sno-1256	Q0	vclaim-sno-biden-kiss-15-year-old	1	33.19756650910035	SimBa
tweet-sno-1257	Q0	vclaim-sno-did-bmw-reveal-a-color-changing-car	1	31.074034445045655	SimBa
tweet-sno-1257	Q0	vclaim-sno-paramagnetic-paint-car	1	29.715549830947214	SimBa
tweet-sno-1257	Q0	vclaim-sno-green-cars-unlucky	1	25.551921660065407	SimBa
tweet-sno-1257	Q0	vclaim-sno-whataburger-changing-colors	1	25.077721931376328	SimBa
tweet-sno-1257	Q0	vclaim-sno-cars-melting-in-arizona-heat-wave	1	25.057661916947524	SimBa
tweet-sno-1258	Q0	vclaim-sno-nasa-24-theologians-research-aliens	1	33.41657568472653	SimBa
tweet-sno-1258	Q0	vclaim-sno-planet-destroy-earth	1	28.85151091749083	SimBa
tweet-sno-1258	Q0	vclaim-sno-simpsons-predict-astroworld-tragedy	1	27.57840573446447	SimBa
tweet-sno-1258	Q0	vclaim-sno-the-lost-day	1	27.518390326740786	SimBa
tweet-sno-1258	Q0	vclaim-sno-nasa-planetary-protection-officer	1	26.56181930392449	SimBa
tweet-sno-1259	Q0	vclaim-sno-irs-taxpayers-stolen-items-illegal-income	1	40.30438071780558	SimBa
tweet-sno-1259	Q0	vclaim-sno-label-libel	1	35.35951592004837	SimBa
tweet-sno-1259	Q0	vclaim-sno-trump-2013-taxes-leaked	1	31.4966376538959	SimBa
tweet-sno-1259	Q0	vclaim-sno-donald-trump-tax-return-hack	1	30.831387080038166	SimBa
tweet-sno-1259	Q0	vclaim-sno-irs-social-security-numbers	1	30.720020565692522	SimBa
tweet-sno-1260	Q0	vclaim-sno-more-cars-stolen-on-new-years	1	41.787862900276984	SimBa
tweet-sno-1260	Q0	vclaim-sno-thieves-search-christmas-trash	1	32.87773302445752	SimBa
tweet-sno-1260	Q0	vclaim-sno-are-thieves-stealing-license-plates-in-a-carjacking-scheme	1	29.64015929062324	SimBa
tweet-sno-1260	Q0	vclaim-sno-grand-jest-auto	1	29.547221466222524	SimBa
tweet-sno-1260	Q0	vclaim-sno-florida-man-pole-car-roof	1	29.18293309997858	SimBa
tweet-sno-1261	Q0	vclaim-sno-did-trump-praise-covid-19-vaccines	1	58.844189575807526	SimBa
tweet-sno-1261	Q0	vclaim-sno-trump-my-blood-is-the-vaccine	1	44.66686830664909	SimBa
tweet-sno-1261	Q0	vclaim-sno-cuomo-vaccine-bad-news-trump	1	43.14201716108078	SimBa
tweet-sno-1261	Q0	vclaim-sno-trump-beautiful-covid-19-vaccine	1	43.129228608452564	SimBa
tweet-sno-1261	Q0	vclaim-sno-covid-vaccine-funded-by-trump	1	41.491196665818286	SimBa
tweet-sno-1262	Q0	vclaim-sno-nigella-lawson-microwave	1	29.37353323715224	SimBa
tweet-sno-1262	Q0	vclaim-sno-le-a	1	27.80370351447927	SimBa
tweet-sno-1262	Q0	vclaim-sno-bite-the-wax-tadpole	1	27.73377821312823	SimBa
tweet-sno-1262	Q0	vclaim-sno-msnbc-pecker-chyron	1	27.571212268323404	SimBa
tweet-sno-1262	Q0	vclaim-sno-bono-of-contention	1	25.760398803188917	SimBa
tweet-sno-1263	Q0	vclaim-sno-jesse-watters-faucis-assassination	1	49.25354519135562	SimBa
tweet-sno-1263	Q0	vclaim-sno-bill-oreilly-beaten	1	30.806548562383995	SimBa
tweet-sno-1263	Q0	vclaim-sno-bannon-fauci-wray-head-pikes	1	30.395282407705025	SimBa
tweet-sno-1263	Q0	vclaim-sno-tucker-carlson-calls-milley-a-pig	1	30.186398540158738	SimBa
tweet-sno-1263	Q0	vclaim-sno-fauci-warn-surprise-outbreak	1	29.616740851065867	SimBa
tweet-sno-1264	Q0	vclaim-sno-jesse-watters-faucis-assassination	1	52.502810586320116	SimBa
tweet-sno-1264	Q0	vclaim-sno-bannon-fauci-wray-head-pikes	1	30.341411836426005	SimBa
tweet-sno-1264	Q0	vclaim-sno-kaldrick-donald	1	29.733348919779818	SimBa
tweet-sno-1264	Q0	vclaim-sno-carlson-media-lynching-chauvin	1	29.21674074545182	SimBa
tweet-sno-1264	Q0	vclaim-sno-end-of-the-line	1	29.13568700324497	SimBa
tweet-sno-1265	Q0	vclaim-sno-home-alone-mccallister-house	1	50.117105102815486	SimBa
tweet-sno-1265	Q0	vclaim-sno-trump-cut-from-home-alone-2	1	33.95629206517015	SimBa
tweet-sno-1265	Q0	vclaim-sno-home-alone-ticket-thrown-away	1	31.88924869075248	SimBa
tweet-sno-1265	Q0	vclaim-sno-home-alone-world-trade-center	1	31.696439048124393	SimBa
tweet-sno-1265	Q0	vclaim-sno-kieran-culkin-in-home-alone	1	31.470676328260584	SimBa
tweet-sno-1266	Q0	vclaim-sno-elf-nice-names-actual-crew	1	66.09045546557967	SimBa
tweet-sno-1266	Q0	vclaim-sno-nsa-on-the-shelf	1	28.741867373329928	SimBa
tweet-sno-1266	Q0	vclaim-sno-black-panther-fbi-watch-list	1	28.713486210971585	SimBa
tweet-sno-1266	Q0	vclaim-sno-elf-shower-scene	1	28.30260295096585	SimBa
tweet-sno-1266	Q0	vclaim-sno-disney-world-holiday-box	1	26.545502476979294	SimBa
tweet-sno-1267	Q0	vclaim-sno-kieran-culkin-in-home-alone	1	73.33723807081523	SimBa
tweet-sno-1267	Q0	vclaim-sno-macaulay-culkin-dead	1	37.08845686794197	SimBa
tweet-sno-1267	Q0	vclaim-sno-home-alone-mccallister-house	1	30.62627805193107	SimBa
tweet-sno-1267	Q0	vclaim-sno-angels-with-filthy-souls-real	1	30.35638504526389	SimBa
tweet-sno-1267	Q0	vclaim-sno-moira-rose-home-alone	1	30.07736464361909	SimBa
tweet-sno-1268	Q0	vclaim-sno-pfizer-bourla-vaccine-microchip	1	49.57034948367865	SimBa
tweet-sno-1268	Q0	vclaim-sno-did-pfizers-vp-blow-whistle-gardasil	1	35.65207028124552	SimBa
tweet-sno-1268	Q0	vclaim-sno-pfizer-chief-scientist-vaccines	1	34.58035479167702	SimBa
tweet-sno-1268	Q0	vclaim-sno-cuomo-vaccine-bad-news-trump	1	34.08604753022865	SimBa
tweet-sno-1268	Q0	vclaim-sno-pharmaceutical-companies-peanut-oil-vaccines	1	33.636211243109535	SimBa
tweet-sno-1269	Q0	vclaim-sno-kraft-cream-cheese-shortage	1	46.27517357379497	SimBa
tweet-sno-1269	Q0	vclaim-sno-ben-and-jerrys-latke-ice-cream	1	31.835295229386592	SimBa
tweet-sno-1269	Q0	vclaim-sno-elon-musk-buca-di-beppo	1	31.310423475775224	SimBa
tweet-sno-1269	Q0	vclaim-sno-cheesecake-factory-closing-rumor	1	31.08486817503528	SimBa
tweet-sno-1269	Q0	vclaim-sno-the-dreamsicle	1	31.068800317776095	SimBa
tweet-sno-1270	Q0	vclaim-sno-biden-bob-dole-end-of-message	1	57.68584431413061	SimBa
tweet-sno-1270	Q0	vclaim-sno-biden-seuss-read-across-america	1	35.82169774793497	SimBa
tweet-sno-1270	Q0	vclaim-sno-biden-ron-burgundy	1	34.41080801804868	SimBa
tweet-sno-1270	Q0	vclaim-sno-biden-signing-blank-papers	1	34.28387093149117	SimBa
tweet-sno-1270	Q0	vclaim-sno-joe-you-know-i-won-letter-trump	1	34.17588459175813	SimBa
tweet-sno-1271	Q0	vclaim-sno-gwen-shamblin-death	1	48.20941853128483	SimBa
tweet-sno-1271	Q0	vclaim-sno-perry-ramsey-conspiracy-theory	1	34.45555804483768	SimBa
tweet-sno-1271	Q0	vclaim-sno-avril-lavigne-dead-conspiracy-theory	1	29.895947709886304	SimBa
tweet-sno-1271	Q0	vclaim-sno-breast-in-peace	1	28.21666580034426	SimBa
tweet-sno-1271	Q0	vclaim-sno-renee-zellweger	1	28.09107660493902	SimBa
tweet-sno-1272	Q0	vclaim-sno-kennedy-bloody-shirt	1	38.90244688983037	SimBa
tweet-sno-1272	Q0	vclaim-sno-penal-institution	1	34.23240213982283	SimBa
tweet-sno-1272	Q0	vclaim-sno-waco-david-chipman-photo	1	33.66585587344376	SimBa
tweet-sno-1272	Q0	vclaim-sno-orlando-shooters-father-clinton	1	31.23006099063028	SimBa
tweet-sno-1272	Q0	vclaim-sno-o-j-simpson-case-knife-claim	1	30.189244556882937	SimBa
tweet-sno-1273	Q0	vclaim-sno-ceo-biontech-refuse-vaccine	1	43.97481080928922	SimBa
tweet-sno-1273	Q0	vclaim-sno-pfizer-bourla-vaccine-microchip	1	32.11580526966241	SimBa
tweet-sno-1273	Q0	vclaim-sno-did-pfizers-vp-blow-whistle-gardasil	1	32.06419595687036	SimBa
tweet-sno-1273	Q0	vclaim-sno-pfizer-chief-scientist-vaccines	1	30.45288457556968	SimBa
tweet-sno-1273	Q0	vclaim-sno-cuomo-vaccine-bad-news-trump	1	29.956938241176204	SimBa
tweet-sno-1274	Q0	vclaim-sno-trump-christmas-card-2021	1	44.01808327046961	SimBa
tweet-sno-1274	Q0	vclaim-sno-trumpy-bear	1	40.50357980628093	SimBa
tweet-sno-1274	Q0	vclaim-sno-donald-trump-themed-ornaments-made-in-china	1	39.29091171459293	SimBa
tweet-sno-1274	Q0	vclaim-sno-trump-fake-time-covers	1	37.557193819551124	SimBa
tweet-sno-1274	Q0	vclaim-sno-trump-selling-inauguration-tickets	1	35.56113331257402	SimBa
tweet-sno-1275	Q0	vclaim-sno-jeffrey-epstein-ghislaine-maxwell-pope	1	44.83061532022805	SimBa
tweet-sno-1275	Q0	vclaim-sno-jean-luc-brunel-maxwell	1	35.76620142500288	SimBa
tweet-sno-1275	Q0	vclaim-sno-jeffrey-epstein-trumps-introduce	1	35.47746909714712	SimBa
tweet-sno-1275	Q0	vclaim-sno-bloomberg-ghislaine-maxwell	1	35.19806416777306	SimBa
tweet-sno-1275	Q0	vclaim-sno-epstein-probation-meeting-clintons	1	33.34753524081075	SimBa
tweet-sno-1276	Q0	vclaim-sno-building-7-collapse	1	50.187902883215884	SimBa
tweet-sno-1276	Q0	vclaim-sno-cia-agent-confesses-wtc7	1	43.09848699049095	SimBa
tweet-sno-1276	Q0	vclaim-sno-journal-endorses-911-conspiracy-theory	1	42.19172689042798	SimBa
tweet-sno-1276	Q0	vclaim-sno-wtc-terrorism-insurance	1	38.331815948756216	SimBa
tweet-sno-1276	Q0	vclaim-sno-trump-bragged-tallest-building	1	34.765857595640774	SimBa
tweet-sno-1277	Q0	vclaim-sno-omicron-movie-made-in-1960s	1	29.429564478334346	SimBa
tweet-sno-1277	Q0	vclaim-sno-columbia-disaster	1	26.317345439106816	SimBa
tweet-sno-1277	Q0	vclaim-sno-i-am-legend-zombie	1	25.1894809594536	SimBa
tweet-sno-1277	Q0	vclaim-sno-doomsday-planes-trump-covid	1	24.956305387181867	SimBa
tweet-sno-1277	Q0	vclaim-sno-buzz-aldrin-tweeted-we-are-all-in-danger-it-is-evil-itself	1	24.467148021195754	SimBa
tweet-sno-1278	Q0	vclaim-sno-back-to-the-future-prediction	1	24.432417426936013	SimBa
tweet-sno-1278	Q0	vclaim-sno-back-to-the-future-predictions	1	23.73635196401484	SimBa
tweet-sno-1278	Q0	vclaim-sno-omicron-movie-made-in-1960s	1	23.68967636051774	SimBa
tweet-sno-1278	Q0	vclaim-sno-chicago-purge-murders	1	22.616354696764972	SimBa
tweet-sno-1278	Q0	vclaim-sno-simpsons-predicts-2020-in-1993	1	22.348973097960936	SimBa
tweet-sno-1279	Q0	vclaim-sno-booster-after-infected-omicron	1	31.705842100511116	SimBa
tweet-sno-1279	Q0	vclaim-sno-omicron-movie-made-in-1960s	1	30.11594684877323	SimBa
tweet-sno-1279	Q0	vclaim-sno-lqp-79-zombie-virus	1	28.156162297902068	SimBa
tweet-sno-1279	Q0	vclaim-sno-covid-detecting-microchip	1	27.220983896326516	SimBa
tweet-sno-1279	Q0	vclaim-sno-ivermectin-cure-coronavirus	1	26.5040760538897	SimBa
tweet-sno-1280	Q0	vclaim-sno-buttigieg-electric-cars-gas-prices	1	52.92293426356986	SimBa
tweet-sno-1280	Q0	vclaim-sno-fuel-deficient	1	42.556484870967154	SimBa
tweet-sno-1280	Q0	vclaim-sno-ocasio-cortez-cars-hurricanes	1	34.32614036725502	SimBa
tweet-sno-1280	Q0	vclaim-sno-gas-cheaper-president-obama	1	33.78437978307176	SimBa
tweet-sno-1280	Q0	vclaim-sno-scrambled-eggs	1	33.46713065282993	SimBa
tweet-sno-1281	Q0	vclaim-sno-meteor-falcon-9-spacex-rocket	1	38.4735213298568	SimBa
tweet-sno-1281	Q0	vclaim-sno-shuttle-launch-from-space	1	35.38323441859323	SimBa
tweet-sno-1281	Q0	vclaim-sno-unidentified-flying-object-seen-as-spacex-rocket-exploded	1	33.029963156412244	SimBa
tweet-sno-1281	Q0	vclaim-sno-spacex-sending-deadly-pathogen	1	32.13550687550193	SimBa
tweet-sno-1281	Q0	vclaim-sno-first-space-hotel-opening	1	31.628945744592937	SimBa
tweet-sno-1282	Q0	vclaim-sno-ghislaine-maxwell-trial-audio	1	38.98847556414639	SimBa
tweet-sno-1282	Q0	vclaim-sno-can-you-hear-me-scam	1	28.195080244260833	SimBa
tweet-sno-1282	Q0	vclaim-sno-text-target-gift-card	1	25.546202376052417	SimBa
tweet-sno-1282	Q0	vclaim-sno-obamaphones-to-be-cut-off	1	24.807510194551668	SimBa
tweet-sno-1282	Q0	vclaim-sno-walmart-gift-card-2018	1	24.372772354879093	SimBa
tweet-sno-1283	Q0	vclaim-sno-recall-frozen-cauliflower-listeria	1	57.01186405999724	SimBa
tweet-sno-1283	Q0	vclaim-sno-fda-packaging-change	1	36.02513290228538	SimBa
tweet-sno-1283	Q0	vclaim-sno-grape-ice-cream	1	34.02325460603466	SimBa
tweet-sno-1283	Q0	vclaim-sno-fda-food-inspections-government-shutdown	1	31.350367474486546	SimBa
tweet-sno-1283	Q0	vclaim-sno-fbi-warning-to-all-americans-about-poisoned-produce	1	31.34130895826304	SimBa
tweet-sno-1284	Q0	vclaim-sno-biden-teleprompter-interview	1	37.883419172235115	SimBa
tweet-sno-1284	Q0	vclaim-sno-biden-bob-dole-end-of-message	1	34.58174711490998	SimBa
tweet-sno-1284	Q0	vclaim-sno-biden-ron-burgundy	1	33.963860233581975	SimBa
tweet-sno-1284	Q0	vclaim-sno-hillary-clinton-teleprompter-debate	1	32.572188234416764	SimBa
tweet-sno-1284	Q0	vclaim-sno-trump-biden-assassination-shot	1	31.39323487430399	SimBa
tweet-sno-1285	Q0	vclaim-sno-recall-hand-sanitizer	1	59.621761292225386	SimBa
tweet-sno-1285	Q0	vclaim-sno-born-basic-recall	1	39.325891462889956	SimBa
tweet-sno-1285	Q0	vclaim-sno-imperfect-recall	1	36.17536198014327	SimBa
tweet-sno-1285	Q0	vclaim-sno-fda-packaging-change	1	34.5558408348718	SimBa
tweet-sno-1285	Q0	vclaim-sno-ventolin-safety-recall	1	34.47745878747738	SimBa
tweet-sno-1286	Q0	vclaim-sno-webs-spun-by-lsd-tripping-spiders	1	50.92174192386333	SimBa
tweet-sno-1286	Q0	vclaim-sno-mutant-spiders-in-missouri	1	31.267572005409843	SimBa
tweet-sno-1286	Q0	vclaim-sno-park-covered-spider-webs	1	30.623101017583675	SimBa
tweet-sno-1286	Q0	vclaim-sno-walnut-and-spiders	1	29.95513049234135	SimBa
tweet-sno-1286	Q0	vclaim-sno-nasa-planet-marijuana	1	29.124772827160967	SimBa
tweet-sno-1287	Q0	vclaim-sno-ku-klux-kruller	1	33.64895405005213	SimBa
tweet-sno-1287	Q0	vclaim-sno-krispy-kreme-pirate-day	1	32.98706903249795	SimBa
tweet-sno-1287	Q0	vclaim-sno-krispy-kreme-lube	1	31.58904133075985	SimBa
tweet-sno-1287	Q0	vclaim-sno-up-the-butt-bob	1	27.757008403287134	SimBa
tweet-sno-1287	Q0	vclaim-sno-florida-officer-mistakes-donut-glaze-for-methampetamines	1	26.965034206767687	SimBa
tweet-sno-1288	Q0	vclaim-sno-study-coronavirus-antibodies-deer	1	40.09657404034933	SimBa
tweet-sno-1288	Q0	vclaim-sno-covid-good-news-list-accurate	1	33.263411185073814	SimBa
tweet-sno-1288	Q0	vclaim-sno-covid-19-found-in-toilet-paper	1	33.15830840434552	SimBa
tweet-sno-1288	Q0	vclaim-sno-china-h10n3-bird-flu	1	33.11318864710563	SimBa
tweet-sno-1288	Q0	vclaim-sno-covid-19-classified-epidemic	1	32.87730999216253	SimBa
tweet-sno-1289	Q0	vclaim-sno-steve-martin-puppy	1	39.834552064802004	SimBa
tweet-sno-1289	Q0	vclaim-sno-biden-dog-major-indoguration	1	27.426984928388475	SimBa
tweet-sno-1289	Q0	vclaim-sno-biden-team-statement-dog	1	26.771834671359812	SimBa
tweet-sno-1289	Q0	vclaim-sno-mlk-jr-dog-police-car	1	26.651913829824476	SimBa
tweet-sno-1289	Q0	vclaim-sno-pigeon-salute-vladimir-putin	1	26.518132070660997	SimBa
tweet-sno-1290	Q0	vclaim-sno-simpsons-predict-astroworld-tragedy	1	40.767111576976916	SimBa
tweet-sno-1290	Q0	vclaim-sno-simpsons-predict-tom-hanks	1	32.792278484528815	SimBa
tweet-sno-1290	Q0	vclaim-sno-simpsons-predict-trump	1	32.22798964244016	SimBa
tweet-sno-1290	Q0	vclaim-sno-simpsons-pokemon-go-prediction	1	32.224069692460056	SimBa
tweet-sno-1290	Q0	vclaim-sno-simpsons-predict-beirut-explosion	1	31.73189130487762	SimBa
tweet-sno-1291	Q0	vclaim-sno-simpsons-predict-astroworld-tragedy	1	39.891578450861395	SimBa
tweet-sno-1291	Q0	vclaim-sno-simpsons-predict-tom-hanks	1	29.441595943151853	SimBa
tweet-sno-1291	Q0	vclaim-sno-simpsons-predict-trump	1	29.03918679763407	SimBa
tweet-sno-1291	Q0	vclaim-sno-simpsons-jake-angeli	1	27.96914725960009	SimBa
tweet-sno-1291	Q0	vclaim-sno-simpsons-predict-trumps-death	1	27.856986557829913	SimBa
tweet-sno-1292	Q0	vclaim-sno-delete-google-chrome-trends	1	52.185843855422036	SimBa
tweet-sno-1292	Q0	vclaim-sno-google-self-driving-bicycle	1	27.057371458060576	SimBa
tweet-sno-1292	Q0	vclaim-sno-facebook-graph-app-privacy	1	27.008140296196448	SimBa
tweet-sno-1292	Q0	vclaim-sno-pokemon-go-uploads-your-data-to-google-maps	1	26.75745337539347	SimBa
tweet-sno-1292	Q0	vclaim-sno-facebook-paying-spies	1	26.21972464355315	SimBa
tweet-sno-1293	Q0	vclaim-sno-no-gavin-newsom-isnt-missing	1	40.14299956425034	SimBa
tweet-sno-1293	Q0	vclaim-sno-boebert-tweet-pelosi-location	1	32.06885519085641	SimBa
tweet-sno-1293	Q0	vclaim-sno-lin-wood-biden-dead-trump	1	31.348254436392992	SimBa
tweet-sno-1293	Q0	vclaim-sno-is-the-mandalay-bay-security-guard-missing	1	30.10240323805252	SimBa
tweet-sno-1293	Q0	vclaim-sno-gowdy-custody-investigators-missing	1	27.5633417247944	SimBa
tweet-sno-1294	Q0	vclaim-sno-gas-generator-tesla-photo	1	37.980828915106265	SimBa
tweet-sno-1294	Q0	vclaim-sno-buttigieg-electric-cars-gas-prices	1	30.61885547094168	SimBa
tweet-sno-1294	Q0	vclaim-sno-electric-car-1905	1	30.55658976970166	SimBa
tweet-sno-1294	Q0	vclaim-sno-hoarding-gas-plastic-bags	1	30.203680882066948	SimBa
tweet-sno-1294	Q0	vclaim-sno-fuel-deficient	1	30.112535451526934	SimBa
tweet-sno-1295	Q0	vclaim-sno-satellite-image-diwali	1	46.093874026707844	SimBa
tweet-sno-1295	Q0	vclaim-sno-the-view-iss-beautiful	1	31.477816640672362	SimBa
tweet-sno-1295	Q0	vclaim-sno-first-photo-sunset-mars	1	31.33219770118077	SimBa
tweet-sno-1295	Q0	vclaim-sno-martian-sunset-spirit	1	30.220747217447023	SimBa
tweet-sno-1295	Q0	vclaim-sno-sleeping-lady-mountain	1	29.63766305309601	SimBa
tweet-sno-1296	Q0	vclaim-sno-japan-ivermectin-covid-vaccine	1	28.82581557985067	SimBa
tweet-sno-1296	Q0	vclaim-sno-fauci-nothing-to-worry-about	1	25.86704064785042	SimBa
tweet-sno-1296	Q0	vclaim-sno-ivermectin-cure-coronavirus	1	25.67504533737969	SimBa
tweet-sno-1296	Q0	vclaim-sno-trump-disinfectants-covid-19	1	24.437476039235133	SimBa
tweet-sno-1296	Q0	vclaim-sno-ivermectin-sterility-in-men	1	23.783491605873596	SimBa
tweet-sno-1297	Q0	vclaim-sno-fauci-vaccine-experiment-beagles	1	34.16302557157507	SimBa
tweet-sno-1297	Q0	vclaim-sno-loreal-beagle-testing	1	30.753743874375726	SimBa
tweet-sno-1297	Q0	vclaim-sno-trifexis	1	30.340340816470327	SimBa
tweet-sno-1297	Q0	vclaim-sno-legalizing-marijuana-necessitate-euthanizing-pot-sniffing-dogs	1	29.40140579333931	SimBa
tweet-sno-1297	Q0	vclaim-sno-arizona-tea-exposed-fda-using-human-urine-products	1	28.604929728748022	SimBa
tweet-sno-1298	Q0	vclaim-sno-fauci-vaccine-experiment-beagles	1	39.31301343678308	SimBa
tweet-sno-1298	Q0	vclaim-sno-guthrie-letter-to-pelosi	1	35.247823104654785	SimBa
tweet-sno-1298	Q0	vclaim-sno-pence-law-forcing-fetus-funerals	1	30.556266470621356	SimBa
tweet-sno-1298	Q0	vclaim-sno-covid19-vaccination-cannibalism	1	30.046516541769297	SimBa
tweet-sno-1298	Q0	vclaim-sno-taylor-greene-boebert-marrow	1	29.306357042003295	SimBa
tweet-sno-1299	Q0	vclaim-sno-peta-mlb-bullpen-arm-barn	1	57.997732651339646	SimBa
tweet-sno-1299	Q0	vclaim-sno-bull-scorn	1	31.066208711359014	SimBa
tweet-sno-1299	Q0	vclaim-sno-bull-warning-sign-field	1	28.919191718425594	SimBa
tweet-sno-1299	Q0	vclaim-sno-peta-boo	1	26.80577559472826	SimBa
tweet-sno-1299	Q0	vclaim-sno-chicken-mcbites	1	26.330015373548388	SimBa
tweet-sno-1300	Q0	vclaim-sno-mexico-border-trump-elected	1	36.75891197797016	SimBa
tweet-sno-1300	Q0	vclaim-sno-trump-canadian-wall	1	36.741431420195916	SimBa
tweet-sno-1300	Q0	vclaim-sno-trump-to-nuke-mexico	1	36.26544705175004	SimBa
tweet-sno-1300	Q0	vclaim-sno-trump-border-wall-colorado	1	35.579898810675765	SimBa
tweet-sno-1300	Q0	vclaim-sno-caravan-border-fence-video	1	35.172768066610466	SimBa
tweet-sno-1301	Q0	vclaim-sno-kanye-west-shayk-kardashian	1	52.25373072630121	SimBa
tweet-sno-1301	Q0	vclaim-sno-kardashian-west-split	1	40.741507958987874	SimBa
tweet-sno-1301	Q0	vclaim-sno-kim-kardashian-dog-fur-coat	1	35.086938588445435	SimBa
tweet-sno-1301	Q0	vclaim-sno-kanye-west-elon-musk	1	29.96070836757603	SimBa
tweet-sno-1301	Q0	vclaim-sno-kanye-west-wanted-for-jewelry-insurance-scam	1	25.812040193564815	SimBa
tweet-sno-1302	Q0	vclaim-sno-amc-theaters-open-captions	1	39.424398887762706	SimBa
tweet-sno-1302	Q0	vclaim-sno-waverly-labs-pilot-earpiece-translates-spoken-language	1	29.11328342828885	SimBa
tweet-sno-1302	Q0	vclaim-sno-muppet-show-warning	1	26.69784150631793	SimBa
tweet-sno-1302	Q0	vclaim-sno-netflix-disney-collection	1	25.084778093659395	SimBa
tweet-sno-1302	Q0	vclaim-sno-andys-coming	1	24.287321986942786	SimBa
tweet-sno-1303	Q0	vclaim-sno-fauci-coronavirus-research-grant	1	44.024671671941036	SimBa
tweet-sno-1303	Q0	vclaim-sno-fauci-vaccine-experiment-beagles	1	36.952160755678456	SimBa
tweet-sno-1303	Q0	vclaim-sno-fauci-gain-function-covid	1	36.04628147591069	SimBa
tweet-sno-1303	Q0	vclaim-sno-covid-vaccine-funded-by-trump	1	33.56812923204258	SimBa
tweet-sno-1303	Q0	vclaim-sno-research-project-hiv-cure	1	32.16290333047703	SimBa
tweet-sno-1304	Q0	vclaim-sno-anne-frank-flowers-quote	1	63.17750861216663	SimBa
tweet-sno-1304	Q0	vclaim-sno-anne-frank-good-news-quote	1	30.87165309004716	SimBa
tweet-sno-1304	Q0	vclaim-sno-death-penalty	1	29.774803840924076	SimBa
tweet-sno-1304	Q0	vclaim-sno-erma-bombecks-regrets	1	28.23635791834244	SimBa
tweet-sno-1304	Q0	vclaim-sno-loretta-lynn-obituary	1	26.834292176203633	SimBa
tweet-sno-1305	Q0	vclaim-sno-pelosi-impeachment-social-security	1	34.912279996780704	SimBa
tweet-sno-1305	Q0	vclaim-sno-pelosi-usps-husband-meme	1	32.992017118532026	SimBa
tweet-sno-1305	Q0	vclaim-sno-impeachment-consulting-fees	1	32.98792151597879	SimBa
tweet-sno-1305	Q0	vclaim-sno-biden-banks-600-dollar-irs	1	32.934683611459256	SimBa
tweet-sno-1305	Q0	vclaim-sno-internal-robbing-you-service	1	32.30010825150176	SimBa
tweet-sno-1306	Q0	vclaim-sno-kevin-james-sexy	1	36.49769247464193	SimBa
tweet-sno-1306	Q0	vclaim-sno-trump-new-bot-followers	1	30.439222174345534	SimBa
tweet-sno-1306	Q0	vclaim-sno-zuckerberg-removing-pages	1	27.385012974742466	SimBa
tweet-sno-1306	Q0	vclaim-sno-deray-mckesson-tweet-chicago	1	26.71081464818347	SimBa
tweet-sno-1306	Q0	vclaim-sno-pope-francis-like-a-racy-photo	1	26.661837005078798	SimBa
tweet-sno-1307	Q0	vclaim-sno-toronto-bar-cheer-kevin-durant-injury	1	49.19433524989817	SimBa
tweet-sno-1307	Q0	vclaim-sno-kevin-hart-paralyzed-car-crash	1	28.285040393322603	SimBa
tweet-sno-1307	Q0	vclaim-sno-kevin-hart-mugged-photo	1	26.056914652558447	SimBa
tweet-sno-1307	Q0	vclaim-sno-steph-curry-suspended-nba-finals	1	25.985554109489616	SimBa
tweet-sno-1307	Q0	vclaim-sno-impeachment-rally-in-toronto	1	24.907388038951584	SimBa
tweet-sno-1308	Q0	vclaim-sno-columbus-day-north-america-discovery	1	45.49390531035476	SimBa
tweet-sno-1308	Q0	vclaim-sno-michele-bachmann-columbus-day	1	43.943939183623606	SimBa
tweet-sno-1308	Q0	vclaim-sno-hug-a-muslim-day	1	32.209921495922146	SimBa
tweet-sno-1308	Q0	vclaim-sno-beheaded-columbus-statue	1	31.722707822298037	SimBa
tweet-sno-1308	Q0	vclaim-sno-columbus-ships-names	1	31.01892017496255	SimBa
tweet-sno-1309	Q0	vclaim-sno-nasa-mission-to-destroy-asteroid	1	46.89530516828332	SimBa
tweet-sno-1309	Q0	vclaim-sno-nasa-warns-nibiru-is-headed-straight-for-earth	1	33.497257970966906	SimBa
tweet-sno-1309	Q0	vclaim-sno-asteroid-earth-clickbait-study	1	32.54955390127657	SimBa
tweet-sno-1309	Q0	vclaim-sno-will-a-doomsday-asteroid-destroy-earth-in-february-2017	1	32.29975325117285	SimBa
tweet-sno-1309	Q0	vclaim-sno-nasa-planetary-protection-officer	1	32.2978761917531	SimBa
tweet-sno-1310	Q0	vclaim-sno-nasa-mission-to-destroy-asteroid	1	48.52929817139806	SimBa
tweet-sno-1310	Q0	vclaim-sno-will-a-doomsday-asteroid-destroy-earth-in-february-2017	1	37.6005370554993	SimBa
tweet-sno-1310	Q0	vclaim-sno-asteroid-earth-clickbait-study	1	37.17443430051236	SimBa
tweet-sno-1310	Q0	vclaim-sno-asteroid-golden-gate-bridge	1	36.75156286310037	SimBa
tweet-sno-1310	Q0	vclaim-sno-asteroid-hit-earth-on-christmas	1	36.644069643351905	SimBa
tweet-sno-1311	Q0	vclaim-sno-ny-hospitals-unvaccinated-parents	1	42.99344539930163	SimBa
tweet-sno-1311	Q0	vclaim-sno-pregnant-women-covid-19-vaccine	1	29.88817215252564	SimBa
tweet-sno-1311	Q0	vclaim-sno-breast-practices	1	29.86008660970229	SimBa
tweet-sno-1311	Q0	vclaim-sno-child-defective-services	1	29.19704445292164	SimBa
tweet-sno-1311	Q0	vclaim-sno-breastfeeding-baby-covid-vaccine	1	29.047762317580474	SimBa
tweet-sno-1312	Q0	vclaim-sno-skittles-lime-flavor-is-back	1	38.264898000237245	SimBa
tweet-sno-1312	Q0	vclaim-sno-taste-the-cocainebow	1	28.05663167354898	SimBa
tweet-sno-1312	Q0	vclaim-sno-canadian-snowplows-skittles	1	27.030174931145144	SimBa
tweet-sno-1312	Q0	vclaim-sno-skadden-on-thin-ice	1	26.348705439328715	SimBa
tweet-sno-1312	Q0	vclaim-sno-zimmerman-skittles-signing	1	26.239057517629032	SimBa
tweet-sno-1313	Q0	vclaim-sno-skittles-lime-flavor-is-back	1	34.67088524641512	SimBa
tweet-sno-1313	Q0	vclaim-sno-ben-jerrys-impeachmint-ice-cream	1	25.347826626830823	SimBa
tweet-sno-1313	Q0	vclaim-sno-pepsi-mini-fridges-scam	1	24.844260692304008	SimBa
tweet-sno-1313	Q0	vclaim-sno-sarah-palin-lyme-disease	1	24.598062366123873	SimBa
tweet-sno-1313	Q0	vclaim-sno-ben-and-jerrys-latke-ice-cream	1	24.359052811429663	SimBa
tweet-sno-1314	Q0	vclaim-sno-skittles-lime-flavor-is-back	1	31.360508205437142	SimBa
tweet-sno-1314	Q0	vclaim-sno-pepsi-mini-fridges-scam	1	24.928523828638948	SimBa
tweet-sno-1314	Q0	vclaim-sno-did-mars-release-a-pod-product-in-the-wake-of-the-tide-pod-challenge-controversy	1	23.82055586488322	SimBa
tweet-sno-1314	Q0	vclaim-sno-canadian-snowplows-skittles	1	23.578455839668056	SimBa
tweet-sno-1314	Q0	vclaim-sno-elon-musk-buca-di-beppo	1	23.325525795937747	SimBa
tweet-sno-1315	Q0	vclaim-sno-norway-reclassify-covid-as-flu	1	50.332400354310344	SimBa
tweet-sno-1315	Q0	vclaim-sno-flu-kills-more-people-covid-19	1	38.68045894500031	SimBa
tweet-sno-1315	Q0	vclaim-sno-italy-doctor-corona-not-flu	1	37.20529162778383	SimBa
tweet-sno-1315	Q0	vclaim-sno-coronavirus-graph-spreading-faster	1	37.19440425110564	SimBa
tweet-sno-1315	Q0	vclaim-sno-fauci-chickenpox-covid-19	1	35.918940843774095	SimBa
tweet-sno-1316	Q0	vclaim-sno-oodhu-paavai-plant	1	41.9170790489104	SimBa
tweet-sno-1316	Q0	vclaim-sno-trunk-line	1	31.275180070395844	SimBa
tweet-sno-1316	Q0	vclaim-sno-pollen-cloud-tree	1	29.65049355705914	SimBa
tweet-sno-1316	Q0	vclaim-sno-parrot-flower	1	29.294801243932962	SimBa
tweet-sno-1316	Q0	vclaim-sno-narilatha-flower	1	28.30297869748438	SimBa
tweet-sno-1317	Q0	vclaim-sno-military-dogs-left-in-afghanistan	1	46.61954171408363	SimBa
tweet-sno-1317	Q0	vclaim-sno-biden-dogs-kicked-out-white-house	1	35.40916338681776	SimBa
tweet-sno-1317	Q0	vclaim-sno-florida-air-force-robotic-dogs	1	32.131940310121855	SimBa
tweet-sno-1317	Q0	vclaim-sno-marine-corps-dog-adoptions	1	31.94699912922421	SimBa
tweet-sno-1317	Q0	vclaim-sno-fox-staged-photo-afghanistan	1	31.925281279240878	SimBa
tweet-sno-1318	Q0	vclaim-sno-nanobot-inseminate-egg-sperm	1	55.6032677995367	SimBa
tweet-sno-1318	Q0	vclaim-sno-daughter-fertilizes-eggs-with-fathers-sperm	1	29.503771819133885	SimBa
tweet-sno-1318	Q0	vclaim-sno-sperm-switch-invention-market	1	28.62775406159281	SimBa
tweet-sno-1318	Q0	vclaim-sno-butthole-surfing-robot	1	27.059054099468668	SimBa
tweet-sno-1318	Q0	vclaim-sno-woman-develops-iq-of-220-after-drinking-sperm-every-day-for-a-year	1	26.72365618411666	SimBa
tweet-sno-1319	Q0	vclaim-sno-university-ban-capital-letters	1	39.343965628046455	SimBa
tweet-sno-1319	Q0	vclaim-sno-oxford-letter-to-students	1	30.25232336985157	SimBa
tweet-sno-1319	Q0	vclaim-sno-middle-school-kavanaugh-sign	1	28.123553014340192	SimBa
tweet-sno-1319	Q0	vclaim-sno-university-clapping-ban	1	27.53283624934502	SimBa
tweet-sno-1319	Q0	vclaim-sno-white-christmas-petition-video	1	26.863152678439985	SimBa
tweet-sno-1320	Q0	vclaim-sno-golf-course-burial	1	40.35503729489854	SimBa
tweet-sno-1320	Q0	vclaim-sno-gold-tongued-mummies-egypt	1	31.799462051575528	SimBa
tweet-sno-1320	Q0	vclaim-sno-stone-age-tunnels	1	31.28280379936501	SimBa
tweet-sno-1320	Q0	vclaim-sno-5-meter-tall-human-skeleton	1	29.52213430313397	SimBa
tweet-sno-1320	Q0	vclaim-sno-alien-mummy-baffles-scientists	1	28.42947619594022	SimBa
tweet-sno-1321	Q0	vclaim-sno-biden-vaccines-hurricane-protect	1	45.9102381928879	SimBa
tweet-sno-1321	Q0	vclaim-sno-trump-nuke-hurricanes	1	34.70896041144045	SimBa
tweet-sno-1321	Q0	vclaim-sno-biden-350-million-americans-vaccinated	1	34.14576368542414	SimBa
tweet-sno-1321	Q0	vclaim-sno-biden-covid-vaccine-2	1	33.91482586509572	SimBa
tweet-sno-1321	Q0	vclaim-sno-biden-promise-fewer-fires-floods	1	33.18637004635176	SimBa
tweet-sno-1322	Q0	vclaim-sno-texas-lawyer-michael-myers-prank	1	49.06601455956986	SimBa
tweet-sno-1322	Q0	vclaim-sno-william-shatner-halloween-mask	1	33.7396828968617	SimBa
tweet-sno-1322	Q0	vclaim-sno-hurricane-michael-approaching-florida	1	31.67693694303124	SimBa
tweet-sno-1322	Q0	vclaim-sno-florida-airport-flooded-michael	1	29.635977371706755	SimBa
tweet-sno-1322	Q0	vclaim-sno-storm-clouds	1	28.863412606416684	SimBa
tweet-sno-1323	Q0	vclaim-sno-jason-derulo-met-gala-stairs	1	39.58492393030072	SimBa
tweet-sno-1323	Q0	vclaim-sno-trump-rant-mar-a-lago	1	27.978590896892488	SimBa
tweet-sno-1323	Q0	vclaim-sno-roger-stone-rap	1	26.199646068811905	SimBa
tweet-sno-1323	Q0	vclaim-sno-biden-falls-on-stairs	1	25.120313009587836	SimBa
tweet-sno-1323	Q0	vclaim-sno-phone-exploding-in-ceelo-greens-face	1	24.72851674199967	SimBa
tweet-sno-1324	Q0	vclaim-sno-emma-raducanu-us-open-airpods	1	40.05238000400589	SimBa
tweet-sno-1324	Q0	vclaim-sno-soccer-chapecoense-fined-forfeiting	1	24.24907634655176	SimBa
tweet-sno-1324	Q0	vclaim-sno-airpods-explode-hospital	1	23.999294889146725	SimBa
tweet-sno-1324	Q0	vclaim-sno-free-shoes-from-nike	1	23.822061094051577	SimBa
tweet-sno-1324	Q0	vclaim-sno-oprah-ankle-monitor	1	22.624225506329026	SimBa
tweet-sno-1325	Q0	vclaim-sno-emma-raducanu-us-open-airpods	1	49.602101761750895	SimBa
tweet-sno-1325	Q0	vclaim-sno-lottery-winner-shane-missler-giving-away-money-retweets	1	24.987593313150782	SimBa
tweet-sno-1325	Q0	vclaim-sno-getting-harrierd-away	1	24.29304613426542	SimBa
tweet-sno-1325	Q0	vclaim-sno-amazing-catch-2	1	24.149810239851856	SimBa
tweet-sno-1325	Q0	vclaim-sno-mens-soccer-player-sports-bra	1	24.10289443983873	SimBa
tweet-sno-1326	Q0	vclaim-sno-tyra-banks-ice-cream	1	54.10431959722033	SimBa
tweet-sno-1326	Q0	vclaim-sno-dolly-parton-ice-cream-flavor	1	35.236818435931234	SimBa
tweet-sno-1326	Q0	vclaim-sno-ben-jerrys-impeachmint-ice-cream	1	31.651054722186828	SimBa
tweet-sno-1326	Q0	vclaim-sno-elon-musk-buca-di-beppo	1	29.908906387394023	SimBa
tweet-sno-1326	Q0	vclaim-sno-the-dreamsicle	1	28.766994097234814	SimBa
tweet-sno-1327	Q0	vclaim-sno-national-archives-us-constitution	1	46.24693747942149	SimBa
tweet-sno-1327	Q0	vclaim-sno-prepare-for-war-wisconsin	1	29.36481067930089	SimBa
tweet-sno-1327	Q0	vclaim-sno-holocaust-museum-warning-signs-fascism	1	27.213555923151137	SimBa
tweet-sno-1327	Q0	vclaim-sno-islamic-agenda	1	27.11327033251943	SimBa
tweet-sno-1327	Q0	vclaim-sno-aoc-911-public-see-photos	1	26.676861781178104	SimBa
tweet-sno-1328	Q0	vclaim-sno-ivermectin-sterility-in-men	1	39.173246752332695	SimBa
tweet-sno-1328	Q0	vclaim-sno-male-birth-control-study	1	28.98684795520303	SimBa
tweet-sno-1328	Q0	vclaim-sno-birth-control-steve-bannon	1	27.546496854747286	SimBa
tweet-sno-1328	Q0	vclaim-sno-male-birth-control-testing-stopped	1	27.52442453293502	SimBa
tweet-sno-1328	Q0	vclaim-sno-covid-vaccine-female-sterilization	1	26.942641451865985	SimBa
tweet-sno-1329	Q0	vclaim-sno-did-ivermectin-win-a-nobel-prize	1	36.235639335418384	SimBa
tweet-sno-1329	Q0	vclaim-sno-ivermectin-cure-coronavirus	1	32.78235232621065	SimBa
tweet-sno-1329	Q0	vclaim-sno-ivermectin-sterility-in-men	1	28.028440708015196	SimBa
tweet-sno-1329	Q0	vclaim-sno-cattle-vaccine-covid-19	1	27.56978159750172	SimBa
tweet-sno-1329	Q0	vclaim-sno-japan-ivermectin-covid-vaccine	1	27.096491702321718	SimBa
tweet-sno-1330	Q0	vclaim-sno-biden-visit-tree-of-life-synagogue	1	41.547596609702794	SimBa
tweet-sno-1330	Q0	vclaim-sno-joe-biden-no-empathy	1	32.57776490603512	SimBa
tweet-sno-1330	Q0	vclaim-sno-biden-racial-jungle-quote	1	32.43684554354554	SimBa
tweet-sno-1330	Q0	vclaim-sno-biden-tucker-carlson-white-men	1	31.428519868306797	SimBa
tweet-sno-1330	Q0	vclaim-sno-biden-christians-lgbtq-rights	1	31.268809954935694	SimBa
tweet-sno-1331	Q0	vclaim-sno-biden-visit-tree-of-life-synagogue	1	43.67144301290316	SimBa
tweet-sno-1331	Q0	vclaim-sno-muslim-funds-synagogue-victims	1	38.55069978680897	SimBa
tweet-sno-1331	Q0	vclaim-sno-biden-tucker-carlson-white-men	1	36.781450002268826	SimBa
tweet-sno-1331	Q0	vclaim-sno-biden-fail-condemn-antifa	1	34.05268886622325	SimBa
tweet-sno-1331	Q0	vclaim-sno-tim-kaine-blamed-guns-for-knife-attack	1	33.41108484917911	SimBa
tweet-sno-1332	Q0	vclaim-sno-andrew-cuomo-dog-governors-mansion	1	45.574910280410315	SimBa
tweet-sno-1332	Q0	vclaim-sno-andrew-cuomo-maskless-party	1	33.574913052172526	SimBa
tweet-sno-1332	Q0	vclaim-sno-no-gavin-newsom-isnt-missing	1	32.88651643432103	SimBa
tweet-sno-1332	Q0	vclaim-sno-andrew-cuomo-pay-raise	1	32.824718142698536	SimBa
tweet-sno-1332	Q0	vclaim-sno-cuomo-vaccine-bad-news-trump	1	32.329750257459246	SimBa
tweet-sno-1333	Q0	vclaim-sno-andrew-cuomo-dog-governors-mansion	1	44.25631972801585	SimBa
tweet-sno-1333	Q0	vclaim-sno-chicago-police-tweet-derek-chauvin	1	30.7939592178754	SimBa
tweet-sno-1333	Q0	vclaim-sno-biden-team-statement-dog	1	30.622643062512832	SimBa
tweet-sno-1333	Q0	vclaim-sno-dog-sleep-by-his-masters-grave	1	29.99776297833893	SimBa
tweet-sno-1333	Q0	vclaim-sno-biden-dogs-kicked-out-white-house	1	29.863047887816236	SimBa
tweet-sno-1334	Q0	vclaim-sno-trump-wall-damaged-arizona	1	53.98960420236472	SimBa
tweet-sno-1334	Q0	vclaim-sno-home-depot-trump-border-wall	1	38.22298946151358	SimBa
tweet-sno-1334	Q0	vclaim-sno-trump-border-dome	1	35.28877172790336	SimBa
tweet-sno-1334	Q0	vclaim-sno-mexico-border-trump-elected	1	34.06558531643195	SimBa
tweet-sno-1334	Q0	vclaim-sno-mexico-guatemala-border	1	33.95934696832261	SimBa
tweet-sno-1335	Q0	vclaim-sno-taliban-hanging-black-hawk	1	41.50056759932346	SimBa
tweet-sno-1335	Q0	vclaim-sno-boebert-taliban-building-back-better	1	32.317192940921586	SimBa
tweet-sno-1335	Q0	vclaim-sno-meet-mohammad-fazl	1	31.372446356236836	SimBa
tweet-sno-1335	Q0	vclaim-sno-chinook-helicopter-afghanistan-rooftop	1	30.540313419659586	SimBa
tweet-sno-1335	Q0	vclaim-sno-bowe-bergdahl	1	29.93023597526243	SimBa
tweet-sno-1336	Q0	vclaim-sno-us-taliban-arsenal-military-equipment	1	38.415174696863694	SimBa
tweet-sno-1336	Q0	vclaim-sno-did-the-u-s-marines-raid-cia-headquarters	1	33.834355682568216	SimBa
tweet-sno-1336	Q0	vclaim-sno-hawker-beechcraft	1	33.78567258539373	SimBa
tweet-sno-1336	Q0	vclaim-sno-military-dogs-left-in-afghanistan	1	33.50154045710207	SimBa
tweet-sno-1336	Q0	vclaim-sno-americans-flights-afghanistan	1	33.371764871179195	SimBa
tweet-sno-1337	Q0	vclaim-sno-weather-channel-hurricane-winds	1	31.55813033007038	SimBa
tweet-sno-1337	Q0	vclaim-sno-the-imperfect-storm	1	28.75891061527334	SimBa
tweet-sno-1337	Q0	vclaim-sno-weather-reporter-holly-ellenbogen-hit-by-a-stop-sign-during-storm	1	28.758114746619075	SimBa
tweet-sno-1337	Q0	vclaim-sno-texas-mayor-rant-facebook-post	1	28.515836501050604	SimBa
tweet-sno-1337	Q0	vclaim-sno-jim-cantore-cartwheel-video	1	28.429549503718082	SimBa
tweet-sno-1338	Q0	vclaim-sno-biden-asleep-meeting-israeli-pm	1	58.587369960470646	SimBa
tweet-sno-1338	Q0	vclaim-sno-ted-cruz-fall-asleep-joe-biden	1	44.35213782269603	SimBa
tweet-sno-1338	Q0	vclaim-sno-biden-fall-asleep-during-interview	1	37.34604218444733	SimBa
tweet-sno-1338	Q0	vclaim-sno-biden-inaugural-speech	1	36.204732751543894	SimBa
tweet-sno-1338	Q0	vclaim-sno-clinton-netanyahu-satire-video	1	34.63309019630048	SimBa
tweet-sno-1339	Q0	vclaim-sno-biden-asleep-meeting-israeli-pm	1	37.61921260362382	SimBa
tweet-sno-1339	Q0	vclaim-sno-trump-quote-kim-jong-un-biden	1	35.92068591908457	SimBa
tweet-sno-1339	Q0	vclaim-sno-hunter-biden-flipped-fbi	1	34.70245949540442	SimBa
tweet-sno-1339	Q0	vclaim-sno-bidens-golfing-burisma-head	1	34.422389454464245	SimBa
tweet-sno-1339	Q0	vclaim-sno-biden-chinese-bodyguard	1	34.41703040069032	SimBa
tweet-sno-1340	Q0	vclaim-sno-biden-asleep-meeting-israeli-pm	1	48.909807641748124	SimBa
tweet-sno-1340	Q0	vclaim-sno-biden-fall-asleep-during-interview	1	39.582988404634555	SimBa
tweet-sno-1340	Q0	vclaim-sno-c-span-video-joe-biden-ukraine	1	35.08349310033875	SimBa
tweet-sno-1340	Q0	vclaim-sno-did-biden-say-my-butts-been-wiped	1	34.774795607199856	SimBa
tweet-sno-1340	Q0	vclaim-sno-ted-cruz-fall-asleep-joe-biden	1	33.18682914379683	SimBa
tweet-sno-1341	Q0	vclaim-sno-paws-act-veterans-ptsd-service-dogs	1	59.489417632838546	SimBa
tweet-sno-1341	Q0	vclaim-sno-trump-veterans-free-health-care	1	37.21809064984121	SimBa
tweet-sno-1341	Q0	vclaim-sno-trump-disabled-veterans-cuts	1	35.21938262010827	SimBa
tweet-sno-1341	Q0	vclaim-sno-trump-dogs-veterans-day	1	34.81647962208907	SimBa
tweet-sno-1341	Q0	vclaim-sno-biden-team-statement-dog	1	34.642828843337504	SimBa
tweet-sno-1342	Q0	vclaim-sno-kanye-west-name-change	1	45.748719964493375	SimBa
tweet-sno-1342	Q0	vclaim-sno-half-nelson	1	40.04986904877858	SimBa
tweet-sno-1342	Q0	vclaim-sno-kanye-banned	1	38.12723516634174	SimBa
tweet-sno-1342	Q0	vclaim-sno-kardashian-west-split	1	37.56168135706404	SimBa
tweet-sno-1342	Q0	vclaim-sno-obama-kanye-chicago-bush	1	37.14099798557087	SimBa
tweet-sno-1343	Q0	vclaim-sno-only-fans-reverses-ban-sexually-explicit	1	41.34495742283699	SimBa
tweet-sno-1343	Q0	vclaim-sno-onlyfans-trump-ban-capitol	1	30.932460723597533	SimBa
tweet-sno-1343	Q0	vclaim-sno-twitter-censor-1984-orwell	1	25.238750761998006	SimBa
tweet-sno-1343	Q0	vclaim-sno-outback-trump-supporters	1	24.5892503214169	SimBa
tweet-sno-1343	Q0	vclaim-sno-gay-men-proud-boys-hashtag	1	24.088351400359944	SimBa
tweet-sno-1344	Q0	vclaim-sno-immigrants-covid-texas-abbott	1	32.84139681149005	SimBa
tweet-sno-1344	Q0	vclaim-sno-americans-flights-afghanistan	1	31.293696996136493	SimBa
tweet-sno-1344	Q0	vclaim-sno-exchange-berate	1	30.73383254365562	SimBa
tweet-sno-1344	Q0	vclaim-sno-delta-force-biden-ukraine	1	30.21496215223902	SimBa
tweet-sno-1344	Q0	vclaim-sno-jim-jordan-911-tweet	1	29.640010016089686	SimBa
tweet-sno-1345	Q0	vclaim-sno-boebert-taliban-building-back-better	1	53.67910309397738	SimBa
tweet-sno-1345	Q0	vclaim-sno-trump-taliban-pakistani-prison	1	29.412539218144133	SimBa
tweet-sno-1345	Q0	vclaim-sno-rashida-tlaib-people-tweet	1	26.631697977320584	SimBa
tweet-sno-1345	Q0	vclaim-sno-did-kkk-taliban-endorse-trump	1	26.473458058894465	SimBa
tweet-sno-1345	Q0	vclaim-sno-us-taliban-arsenal-military-equipment	1	25.668299433721216	SimBa
tweet-sno-1346	Q0	vclaim-sno-trump-taliban-pakistani-prison	1	43.33409470564436	SimBa
tweet-sno-1346	Q0	vclaim-sno-boebert-taliban-building-back-better	1	35.136647334288185	SimBa
tweet-sno-1346	Q0	vclaim-sno-ronald-reagan-taliban-photo	1	31.146624149718182	SimBa
tweet-sno-1346	Q0	vclaim-sno-smooth-transition-trump	1	31.08119490218907	SimBa
tweet-sno-1346	Q0	vclaim-sno-nobel-peace-prize-trump-turkey	1	29.37881470312554	SimBa
tweet-sno-1347	Q0	vclaim-sno-ella-french-daughter	1	44.4900863670467	SimBa
tweet-sno-1347	Q0	vclaim-sno-baby-boom-4	1	37.42161959134419	SimBa
tweet-sno-1347	Q0	vclaim-sno-cnn-justine-damond	1	34.997798161433536	SimBa
tweet-sno-1347	Q0	vclaim-sno-negligent-homicide-speeding-crash	1	34.294366338671026	SimBa
tweet-sno-1347	Q0	vclaim-sno-john-crawford-police-shooting-meme	1	34.035319585456264	SimBa
tweet-sno-1348	Q0	vclaim-sno-biden-350-million-americans-vaccinated	1	55.136465162258446	SimBa
tweet-sno-1348	Q0	vclaim-sno-biden-vaccines-hurricane-protect	1	38.939172145223104	SimBa
tweet-sno-1348	Q0	vclaim-sno-biden-150-million-gun-deaths	1	37.42323528723447	SimBa
tweet-sno-1348	Q0	vclaim-sno-biden-120million-deaths-covid19	1	36.71210515614208	SimBa
tweet-sno-1348	Q0	vclaim-sno-biden-covid-vaccine-2	1	36.423236783146	SimBa
tweet-sno-1349	Q0	vclaim-sno-alfredo-rivera-video	1	41.54758608722198	SimBa
tweet-sno-1349	Q0	vclaim-sno-frontier-airline-passenger-duct-taped	1	31.51700930358618	SimBa
tweet-sno-1349	Q0	vclaim-sno-continental-divide	1	29.942879375425566	SimBa
tweet-sno-1349	Q0	vclaim-sno-dont-forget-the-coffee	1	27.888095804319562	SimBa
tweet-sno-1349	Q0	vclaim-sno-united-airlines-baby-slap	1	27.82037437677722	SimBa
tweet-sno-1350	Q0	vclaim-sno-alfredo-rivera-video	1	45.03280753036105	SimBa
tweet-sno-1350	Q0	vclaim-sno-frontier-airline-passenger-duct-taped	1	44.161087685125516	SimBa
tweet-sno-1350	Q0	vclaim-sno-united-airlines-baby-slap	1	38.09404429135271	SimBa
tweet-sno-1350	Q0	vclaim-sno-continental-divide	1	35.61045870716817	SimBa
tweet-sno-1350	Q0	vclaim-sno-shelia-fedrick-human-traffickers	1	34.76566365388252	SimBa
tweet-sno-1351	Q0	vclaim-sno-djokovic-simone-biles-pressure-privilege	1	35.32615696308844	SimBa
tweet-sno-1351	Q0	vclaim-sno-djokovic-federer-nadal	1	31.40641367576512	SimBa
tweet-sno-1351	Q0	vclaim-sno-olympic-games	1	31.329753435577725	SimBa
tweet-sno-1351	Q0	vclaim-sno-serena-williams-sick-of-covid	1	27.91723876267537	SimBa
tweet-sno-1351	Q0	vclaim-sno-obama-miss-golf-holiday	1	25.974243255864266	SimBa
tweet-sno-1352	Q0	vclaim-sno-jim-carrey-quote	1	41.313092819948956	SimBa
tweet-sno-1352	Q0	vclaim-sno-5g-energy-horse	1	25.425731211196652	SimBa
tweet-sno-1352	Q0	vclaim-sno-matt-gaetz-mug-shot	1	24.519424949017708	SimBa
tweet-sno-1352	Q0	vclaim-sno-michelle-monitor-family-members	1	24.186679791945267	SimBa
tweet-sno-1352	Q0	vclaim-sno-keanu-reeves-tragedy-quote	1	24.166663798847136	SimBa
tweet-sno-1353	Q0	vclaim-sno-did-this-mig-land-on-a-dam	1	40.27556436634071	SimBa
tweet-sno-1353	Q0	vclaim-sno-chinook-helicopter-afghanistan-rooftop	1	29.312337045634646	SimBa
tweet-sno-1353	Q0	vclaim-sno-russian-paratroopers-ukraine	1	26.625840983443116	SimBa
tweet-sno-1353	Q0	vclaim-sno-chinese-aircraft-carrier	1	26.496394211748356	SimBa
tweet-sno-1353	Q0	vclaim-sno-plane-loses-wing	1	25.599162714440755	SimBa
tweet-sno-1354	Q0	vclaim-sno-peppa-pig-theme-park	1	51.623301599816294	SimBa
tweet-sno-1354	Q0	vclaim-sno-disney-park-escanaba	1	32.707411981585295	SimBa
tweet-sno-1354	Q0	vclaim-sno-tron-ride-disney-world	1	31.989861981652158	SimBa
tweet-sno-1354	Q0	vclaim-sno-disneys-tower-of-terror-being-replaced-with-guardians-of-the-galaxy	1	30.185293572578903	SimBa
tweet-sno-1354	Q0	vclaim-sno-india-theme-park-ride-collapses	1	29.99268242697198	SimBa
tweet-sno-1355	Q0	vclaim-sno-florida-invasive-species	1	42.87103227823022	SimBa
tweet-sno-1355	Q0	vclaim-sno-gator-done	1	35.548436261387884	SimBa
tweet-sno-1355	Q0	vclaim-sno-first-chicago-alligator	1	33.986219944359895	SimBa
tweet-sno-1355	Q0	vclaim-sno-large-alligator-on-golf-course	1	32.38733070486964	SimBa
tweet-sno-1355	Q0	vclaim-sno-giant-alligator-florida-golf	1	31.25210839716209	SimBa
tweet-sno-1356	Q0	vclaim-sno-space-station-orbit	1	37.054572536290685	SimBa
tweet-sno-1356	Q0	vclaim-sno-flat-earth-tweet	1	29.454684535418295	SimBa
tweet-sno-1356	Q0	vclaim-sno-spacex-sending-deadly-pathogen	1	28.341467145674386	SimBa
tweet-sno-1356	Q0	vclaim-sno-elon-musk-starlink-ukraine	1	27.22631744928093	SimBa
tweet-sno-1356	Q0	vclaim-sno-will-defunct-chinese-space-station-crash-earth-march-2018	1	26.89902739386277	SimBa
tweet-sno-1357	Q0	vclaim-sno-real-life-spongebob-and-patrick	1	33.04112413745799	SimBa
tweet-sno-1357	Q0	vclaim-sno-with-sixpence-you-get-eggroll-on-your-face	1	23.599960530581555	SimBa
tweet-sno-1357	Q0	vclaim-sno-spongebob-epstein-island-address	1	23.230232264969775	SimBa
tweet-sno-1357	Q0	vclaim-sno-up-the-butt-bob	1	23.080264531879862	SimBa
tweet-sno-1357	Q0	vclaim-sno-dont-forget-the-coffee	1	22.89120733251103	SimBa
tweet-sno-1358	Q0	vclaim-sno-biden-18-wheeler-truck	1	48.933065992427345	SimBa
tweet-sno-1358	Q0	vclaim-sno-biden-says-dui-not-felony	1	35.83948311453242	SimBa
tweet-sno-1358	Q0	vclaim-sno-biden-constitutional-law-teach	1	35.01839626402196	SimBa
tweet-sno-1358	Q0	vclaim-sno-biden-lie-wife-killed-drunk-driver	1	34.79739162542547	SimBa
tweet-sno-1358	Q0	vclaim-sno-joe-biden-hairy-legs-remark	1	33.89054810892941	SimBa
tweet-sno-1359	Q0	vclaim-sno-bethenny-frankel-meghan-markle	1	26.001599080187585	SimBa
tweet-sno-1359	Q0	vclaim-sno-sarah-jeong-leukemia-tweet	1	25.80090178185394	SimBa
tweet-sno-1359	Q0	vclaim-sno-trump-tweet-harris	1	24.97733844978178	SimBa
tweet-sno-1359	Q0	vclaim-sno-trump-covid19-statements	1	24.971802411878667	SimBa
tweet-sno-1359	Q0	vclaim-sno-green-bay-coach-racist-field	1	24.851222785128808	SimBa
tweet-sno-1360	Q0	vclaim-sno-kerri-strug-usa-gold	1	51.25848879300991	SimBa
tweet-sno-1360	Q0	vclaim-sno-kim-rhode-ignored	1	27.561967567532008	SimBa
tweet-sno-1360	Q0	vclaim-sno-hillary-clinton-refused-to-congratulate-american-gold-medalist	1	27.09314320272296	SimBa
tweet-sno-1360	Q0	vclaim-sno-djokovic-simone-biles-pressure-privilege	1	26.21622991065748	SimBa
tweet-sno-1360	Q0	vclaim-sno-us-womens-soccer-national-anthem	1	25.533891381439897	SimBa
tweet-sno-1361	Q0	vclaim-sno-kanye-west-living-in-stadium-donda	1	46.17329829450606	SimBa
tweet-sno-1361	Q0	vclaim-sno-kanye-banned	1	32.410429512206676	SimBa
tweet-sno-1361	Q0	vclaim-sno-kanye-west-confederate-flag	1	31.84082935587892	SimBa
tweet-sno-1361	Q0	vclaim-sno-trump-wear-pants-backwards	1	30.191091264597564	SimBa
tweet-sno-1361	Q0	vclaim-sno-kayne-wheelchair-basketball	1	29.584379216898526	SimBa
tweet-sno-1362	Q0	vclaim-sno-pelosi-national-guard-capitol	1	44.384948128057346	SimBa
tweet-sno-1362	Q0	vclaim-sno-mtg-fort-pelosi-us-capitol	1	36.28957992244988	SimBa
tweet-sno-1362	Q0	vclaim-sno-boebert-tweet-pelosi-location	1	34.84217552399613	SimBa
tweet-sno-1362	Q0	vclaim-sno-national-guard-parking-garage	1	34.75378412362836	SimBa
tweet-sno-1362	Q0	vclaim-sno-trump-peacefully-and-patriotically	1	34.49964925603837	SimBa
tweet-sno-1363	Q0	vclaim-sno-boebert-tweet-pelosi-location	1	32.528569385979374	SimBa
tweet-sno-1363	Q0	vclaim-sno-rich-sanchez-tweet-rick-sanchez-fired-jew	1	31.004415444378967	SimBa
tweet-sno-1363	Q0	vclaim-sno-fbi-prince-andrew-twitter	1	30.924298072423685	SimBa
tweet-sno-1363	Q0	vclaim-sno-bethenny-frankel-meghan-markle	1	29.299062990522483	SimBa
tweet-sno-1363	Q0	vclaim-sno-kim-jong-un-sarah-sanders	1	29.047605951368194	SimBa
tweet-sno-1364	Q0	vclaim-sno-nasa-blue-dunes	1	49.643199464435334	SimBa
tweet-sno-1364	Q0	vclaim-sno-martian-sunset-spirit	1	34.07418974851262	SimBa
tweet-sno-1364	Q0	vclaim-sno-mars-real-audio	1	32.74698492912794	SimBa
tweet-sno-1364	Q0	vclaim-sno-mushrooms-on-mars	1	31.93306656375398	SimBa
tweet-sno-1364	Q0	vclaim-sno-a-curious-shadow	1	31.639199846955574	SimBa
tweet-sno-1365	Q0	vclaim-sno-viral-video-massive-draft-horse	1	29.501177004729225	SimBa
tweet-sno-1365	Q0	vclaim-sno-worlds-largest-tortoise-gamera	1	28.37912208505699	SimBa
tweet-sno-1365	Q0	vclaim-sno-flying-horse	1	27.6647322192046	SimBa
tweet-sno-1365	Q0	vclaim-sno-hercules-biggest-dog	1	27.383274125257902	SimBa
tweet-sno-1365	Q0	vclaim-sno-daddy-longlegs	1	26.82193995895105	SimBa
tweet-sno-1366	Q0	vclaim-sno-cleveland-indians-now-guardians	1	39.95356514650652	SimBa
tweet-sno-1366	Q0	vclaim-sno-burger-king-logo-new	1	29.212478195938697	SimBa
tweet-sno-1366	Q0	vclaim-sno-donald-trump-swastika-logo	1	25.85439808676196	SimBa
tweet-sno-1366	Q0	vclaim-sno-chicago-police-tweet-derek-chauvin	1	25.1325251115822	SimBa
tweet-sno-1366	Q0	vclaim-sno-aaron-rodgers-stand-for-the-flag-kneel-for-the-cross-t-shirt	1	25.105373689141242	SimBa
tweet-sno-1367	Q0	vclaim-sno-macron-quote-unvaccinated	1	52.674047398917565	SimBa
tweet-sno-1367	Q0	vclaim-sno-president-donald-trump-tweet-mothers-day-fathers	1	34.635259941660394	SimBa
tweet-sno-1367	Q0	vclaim-sno-devos-only-student-deaths	1	33.15108033908913	SimBa
tweet-sno-1367	Q0	vclaim-sno-did-trump-praise-covid-19-vaccines	1	32.370537355076934	SimBa
tweet-sno-1367	Q0	vclaim-sno-trump-jr-women-rape	1	32.106136773897404	SimBa
tweet-sno-1368	Q0	vclaim-sno-twitter-dislike-button	1	41.26566298018661	SimBa
tweet-sno-1368	Q0	vclaim-sno-twitter-disable-engagement-trump	1	31.376099604231495	SimBa
tweet-sno-1368	Q0	vclaim-sno-can-you-vote-online-with-a-hashtag	1	27.475975859932493	SimBa
tweet-sno-1368	Q0	vclaim-sno-trump-twitter-search-loser	1	25.632956782560168	SimBa
tweet-sno-1368	Q0	vclaim-sno-text-rbg-50409	1	25.53530601955927	SimBa
tweet-sno-1369	Q0	vclaim-sno-the-parent-trap-october-11	1	45.184631368613736	SimBa
tweet-sno-1369	Q0	vclaim-sno-identical-twins-married	1	30.832836609268835	SimBa
tweet-sno-1369	Q0	vclaim-sno-casey-anthony-twins	1	30.517851316341577	SimBa
tweet-sno-1369	Q0	vclaim-sno-photograph-beyonce-jay-z-holding-twin-babies	1	29.39790522301661	SimBa
tweet-sno-1369	Q0	vclaim-sno-elijah-wood-twin-brother-photo	1	29.17871077958189	SimBa
tweet-sno-1370	Q0	vclaim-sno-prop-47-theft-california	1	48.495353428532546	SimBa
tweet-sno-1370	Q0	vclaim-sno-san-francisco-shoplifting-video	1	34.060483862340156	SimBa
tweet-sno-1370	Q0	vclaim-sno-california-da-becton-looting-need	1	32.673633995971535	SimBa
tweet-sno-1370	Q0	vclaim-sno-california-to-jail-climate-change-skeptics	1	31.54421021875765	SimBa
tweet-sno-1370	Q0	vclaim-sno-california-text-tax	1	31.435762737143445	SimBa
tweet-sno-1371	Q0	vclaim-sno-anti-sex-beds-2020-olympics	1	42.8955351708523	SimBa
tweet-sno-1371	Q0	vclaim-sno-brock-turner-prison-pool	1	26.285253056062867	SimBa
tweet-sno-1371	Q0	vclaim-sno-helter-shelter	1	24.83281144354711	SimBa
tweet-sno-1371	Q0	vclaim-sno-roosh-v-43-countries	1	24.777247441989886	SimBa
tweet-sno-1371	Q0	vclaim-sno-olympic-games	1	24.35473383485863	SimBa
tweet-sno-1372	Q0	vclaim-sno-tom-brady-election-white-house	1	53.04062097902759	SimBa
tweet-sno-1372	Q0	vclaim-sno-tom-brady-if-anybody-kneels	1	32.450918819152015	SimBa
tweet-sno-1372	Q0	vclaim-sno-tom-hanks-backs-donald-trump-for-president	1	32.064508861541654	SimBa
tweet-sno-1372	Q0	vclaim-sno-devos-40-percent-more-than-half	1	31.459233829086784	SimBa
tweet-sno-1372	Q0	vclaim-sno-tom-brady-say-nba-finals-rigged	1	31.45767032677891	SimBa
tweet-sno-1373	Q0	vclaim-sno-80-million-year-old-shark	1	46.05883010534723	SimBa
tweet-sno-1373	Q0	vclaim-sno-shark-prank	1	42.07628686892172	SimBa
tweet-sno-1373	Q0	vclaim-sno-512-year-old-shark	1	41.49619562780685	SimBa
tweet-sno-1373	Q0	vclaim-sno-greenland-shark-392-years-old	1	35.77379757442762	SimBa
tweet-sno-1373	Q0	vclaim-sno-baby-shark-human-face	1	33.72480861946412	SimBa
tweet-sno-1374	Q0	vclaim-sno-illegal-barbershops-sunday-ny	1	51.00672974389712	SimBa
tweet-sno-1374	Q0	vclaim-sno-california-laundry-and-shower	1	31.15119533894355	SimBa
tweet-sno-1374	Q0	vclaim-sno-cindy-hyde-smith-voting-sabbath	1	30.582527923205188	SimBa
tweet-sno-1374	Q0	vclaim-sno-yoga-ban-alabama-27-years	1	26.294091834029697	SimBa
tweet-sno-1374	Q0	vclaim-sno-scott-walker-labor-day	1	26.1343849570801	SimBa
tweet-sno-1375	Q0	vclaim-sno-mccormick-director-taco-relations	1	49.08740500977887	SimBa
tweet-sno-1375	Q0	vclaim-sno-taco-bell-refried-beans	1	29.88247761207729	SimBa
tweet-sno-1375	Q0	vclaim-sno-tesla-hiring-complaints-elon-musk	1	29.686256005537036	SimBa
tweet-sno-1375	Q0	vclaim-sno-taco-bell-menu-change	1	28.203513637133906	SimBa
tweet-sno-1375	Q0	vclaim-sno-taco-bell-major-changes	1	27.820115848575153	SimBa
tweet-sno-1376	Q0	vclaim-sno-tesla-hiring-complaints-elon-musk	1	32.13418015244713	SimBa
tweet-sno-1376	Q0	vclaim-sno-mccormick-director-taco-relations	1	32.08773411338592	SimBa
tweet-sno-1376	Q0	vclaim-sno-donald-trump-casting-call	1	27.882668407389417	SimBa
tweet-sno-1376	Q0	vclaim-sno-mcdonald39s-is-his-kind-of-place	1	27.237815041830746	SimBa
tweet-sno-1376	Q0	vclaim-sno-alexandria-ocasio-cortez-hot-dog-on-stick	1	26.07470199427566	SimBa
tweet-sno-1377	Q0	vclaim-sno-tucker-carlson-georgia-voter-fraud	1	37.694801631864486	SimBa
tweet-sno-1377	Q0	vclaim-sno-smith-and-lesson	1	31.778005048599223	SimBa
tweet-sno-1377	Q0	vclaim-sno-atlanta-georgia-voter-fraud-video	1	30.493038834168633	SimBa
tweet-sno-1377	Q0	vclaim-sno-nbc-accidentally-posts-election-results-a-week-early	1	30.09022530319258	SimBa
tweet-sno-1377	Q0	vclaim-sno-leaked-videos-clinton-voter-fraud	1	29.4467376899705	SimBa
tweet-sno-1378	Q0	vclaim-sno-pride-flag-us-embassy-vatican	1	50.90940046717747	SimBa
tweet-sno-1378	Q0	vclaim-sno-pence-rainbow-flags-iceland	1	32.79823589770904	SimBa
tweet-sno-1378	Q0	vclaim-sno-va-hospital-flag-pride	1	32.443153945284934	SimBa
tweet-sno-1378	Q0	vclaim-sno-obama-forces-americans-to-celebrate-gay-sex	1	32.298753481120244	SimBa
tweet-sno-1378	Q0	vclaim-sno-canada-straight-marriage-ban	1	31.515111630749406	SimBa
tweet-sno-1379	Q0	vclaim-sno-odni-photoshop-diversity-report	1	39.920557278989754	SimBa
tweet-sno-1379	Q0	vclaim-sno-marjorie-taylor-greene-the-squad	1	32.504295128785124	SimBa
tweet-sno-1379	Q0	vclaim-sno-the-squad-dresses	1	31.133333269999635	SimBa
tweet-sno-1379	Q0	vclaim-sno-desk-job	1	30.973076164710644	SimBa
tweet-sno-1379	Q0	vclaim-sno-express-gender-symbol	1	29.264156895086014	SimBa
tweet-sno-1380	Q0	vclaim-sno-boebert-ppp-loan	1	49.27041555357912	SimBa
tweet-sno-1380	Q0	vclaim-sno-tom-brady-ppp	1	34.13762357753063	SimBa
tweet-sno-1380	Q0	vclaim-sno-boebert-award-red-lobster	1	33.512317222319986	SimBa
tweet-sno-1380	Q0	vclaim-sno-boebert-tweet-pelosi-location	1	32.719035172731544	SimBa
tweet-sno-1380	Q0	vclaim-sno-ohio-candidate-pro-assad-group	1	30.160292262833394	SimBa
tweet-sno-1381	Q0	vclaim-sno-madonna-britney-spears-slavery	1	49.95924690226201	SimBa
tweet-sno-1381	Q0	vclaim-sno-jennifer-aniston-iwo-jima	1	28.489280148909927	SimBa
tweet-sno-1381	Q0	vclaim-sno-fergususpicious	1	28.27371482252255	SimBa
tweet-sno-1381	Q0	vclaim-sno-obama-even-terrorists-have-rights	1	28.254395914092996	SimBa
tweet-sno-1381	Q0	vclaim-sno-rashida-tlaib-people-tweet	1	28.174049626238126	SimBa
tweet-sno-1382	Q0	vclaim-sno-four-seasons-concert	1	45.66881227567469	SimBa
tweet-sno-1382	Q0	vclaim-sno-trump-legal-team-four-seasons	1	28.482696729043923	SimBa
tweet-sno-1382	Q0	vclaim-sno-trump-selling-inauguration-tickets	1	28.010486057996555	SimBa
tweet-sno-1382	Q0	vclaim-sno-trump-hotel-price-hike-march-4	1	26.301160839226114	SimBa
tweet-sno-1382	Q0	vclaim-sno-freedom-concert	1	25.676535390579318	SimBa
tweet-sno-1383	Q0	vclaim-sno-elon-musk-buca-di-beppo	1	23.839404469617435	SimBa
tweet-sno-1383	Q0	vclaim-sno-food-waste-walmart	1	23.03036084612761	SimBa
tweet-sno-1383	Q0	vclaim-sno-brandon-victor-dixon-tweet	1	22.366319442556556	SimBa
tweet-sno-1383	Q0	vclaim-sno-mcdonalds-huge-changes	1	22.347068424751303	SimBa
tweet-sno-1383	Q0	vclaim-sno-mcmoose	1	21.767676036274178	SimBa
tweet-sno-1384	Q0	vclaim-sno-biden-hit-congressional-baseball	1	50.12616925063276	SimBa
tweet-sno-1384	Q0	vclaim-sno-did-biden-say-my-butts-been-wiped	1	33.883377131082796	SimBa
tweet-sno-1384	Q0	vclaim-sno-mantle-piece	1	32.13097326221126	SimBa
tweet-sno-1384	Q0	vclaim-sno-military-band-hit-the-road-jack	1	32.03916007747006	SimBa
tweet-sno-1384	Q0	vclaim-sno-biden-ron-burgundy	1	30.80207575481222	SimBa
tweet-sno-1385	Q0	vclaim-sno-paul-rudd-seth-rogen-massage	1	54.43175535876583	SimBa
tweet-sno-1385	Q0	vclaim-sno-trumps-robert-kraft	1	25.364284536065018	SimBa
tweet-sno-1385	Q0	vclaim-sno-snubterfuge	1	25.194581886658284	SimBa
tweet-sno-1385	Q0	vclaim-sno-pussy-quipped	1	24.9196182512609	SimBa
tweet-sno-1385	Q0	vclaim-sno-george-lopez-trump-hollywood	1	24.74230526005347	SimBa
tweet-sno-1386	Q0	vclaim-sno-billy-dee-williams-mark-hamill	1	53.2280661300159	SimBa
tweet-sno-1386	Q0	vclaim-sno-fbi-prince-andrew-twitter	1	27.138297312653865	SimBa
tweet-sno-1386	Q0	vclaim-sno-johnny-depp-charged-patriot-act	1	27.026441425526187	SimBa
tweet-sno-1386	Q0	vclaim-sno-eiffel-tower-suicide	1	26.928817770080325	SimBa
tweet-sno-1386	Q0	vclaim-sno-trump-tower-chicago-no	1	26.299338200569256	SimBa
tweet-sno-1387	Q0	vclaim-sno-us-womens-soccer-national-anthem	1	42.39788499263202	SimBa
tweet-sno-1387	Q0	vclaim-sno-steelers-villanueva-police-brutality-protest	1	35.484955892580636	SimBa
tweet-sno-1387	Q0	vclaim-sno-rapinoe-flag-stomp	1	35.35399187120169	SimBa
tweet-sno-1387	Q0	vclaim-sno-us-womens-soccer-nazi-salute	1	34.90882368071295	SimBa
tweet-sno-1387	Q0	vclaim-sno-jerry-jones-speech-911	1	33.65611390544055	SimBa
tweet-sno-1388	Q0	vclaim-sno-hobby-lobby-newspaper	1	40.47959624589461	SimBa
tweet-sno-1388	Q0	vclaim-sno-hobby-lobby-coronavirus	1	36.84534214582046	SimBa
tweet-sno-1388	Q0	vclaim-sno-hobby-lobby-cotton	1	35.03277267599319	SimBa
tweet-sno-1388	Q0	vclaim-sno-hobby-lobby-refuse-sell-jewish-holiday-items	1	33.94682773398312	SimBa
tweet-sno-1388	Q0	vclaim-sno-hobby-lobby-white-lives-matter	1	33.204489523169876	SimBa
tweet-sno-1389	Q0	vclaim-sno-hobby-lobby-newspaper	1	39.18561661856143	SimBa
tweet-sno-1389	Q0	vclaim-sno-stomp-out-atheists	1	33.262433696688895	SimBa
tweet-sno-1389	Q0	vclaim-sno-hobby-lobby-ceo-slaves	1	32.22991152710154	SimBa
tweet-sno-1389	Q0	vclaim-sno-press-release	1	31.3602653930193	SimBa
tweet-sno-1389	Q0	vclaim-sno-billy-graham	1	31.3602653930193	SimBa
tweet-sno-1390	Q0	vclaim-sno-hobby-lobby-newspaper	1	33.30641289733552	SimBa
tweet-sno-1390	Q0	vclaim-sno-westboro-hero	1	29.38521612071303	SimBa
tweet-sno-1390	Q0	vclaim-sno-harris-churches-propaganda-centers	1	28.938200862186292	SimBa
tweet-sno-1390	Q0	vclaim-sno-dayton-shooter-warren	1	28.336299245588418	SimBa
tweet-sno-1390	Q0	vclaim-sno-pat-robertson-orlando-shooting	1	27.84729420360164	SimBa
tweet-sno-1391	Q0	vclaim-sno-true-colors-terracotta-soldiers	1	44.660688769620386	SimBa
tweet-sno-1391	Q0	vclaim-sno-cat-2000-years-old	1	28.348832211260383	SimBa
tweet-sno-1391	Q0	vclaim-sno-color-my-world	1	27.537990431171924	SimBa
tweet-sno-1391	Q0	vclaim-sno-frozen-wolf-pup-fur-preserved	1	27.53361253492075	SimBa
tweet-sno-1391	Q0	vclaim-sno-greenland-shark-392-years-old	1	26.892407825360795	SimBa
tweet-sno-1392	Q0	vclaim-sno-bruce-lee-american-citizen	1	31.29955632372453	SimBa
tweet-sno-1392	Q0	vclaim-sno-bruce-lee-elvis-dojo	1	25.66437988325029	SimBa
tweet-sno-1392	Q0	vclaim-sno-bill-murray-hunter-s-thompson-t-shirts	1	25.226096206346416	SimBa
tweet-sno-1392	Q0	vclaim-sno-chop-suey-origins	1	24.59351519954377	SimBa
tweet-sno-1392	Q0	vclaim-sno-greta-thunberg-chopsticks	1	23.55167223874288	SimBa
tweet-sno-1393	Q0	vclaim-sno-rashad-cosby-release-tweet	1	37.75297333272862	SimBa
tweet-sno-1393	Q0	vclaim-sno-hillary-clinton-freed-child-rapist-laughed-about-it	1	33.042123417739525	SimBa
tweet-sno-1393	Q0	vclaim-sno-barrett-jail-guard-ruling	1	31.490312096143423	SimBa
tweet-sno-1393	Q0	vclaim-sno-did-planned-parenthood-defend-bill-cosby	1	31.331928170230686	SimBa
tweet-sno-1393	Q0	vclaim-sno-obama-pardon-cosby	1	30.38377861348987	SimBa
tweet-sno-1394	Q0	vclaim-sno-removing-latest-tweets	1	50.978812968286206	SimBa
tweet-sno-1394	Q0	vclaim-sno-twitter-dislike-button	1	33.54526776957446	SimBa
tweet-sno-1394	Q0	vclaim-sno-twitter-disable-engagement-trump	1	31.551352997617652	SimBa
tweet-sno-1394	Q0	vclaim-sno-trump-search-result-racist-twitter	1	31.102980643419272	SimBa
tweet-sno-1394	Q0	vclaim-sno-twitter-germany-nazis	1	27.99067606727343	SimBa
tweet-sno-1395	Q0	vclaim-sno-new-species-green-capybara	1	44.73760348938878	SimBa
tweet-sno-1395	Q0	vclaim-sno-giant-sea-spider	1	30.612784847539814	SimBa
tweet-sno-1395	Q0	vclaim-sno-big-hemipene-energy	1	29.619351806368126	SimBa
tweet-sno-1395	Q0	vclaim-sno-chernobyl-animals	1	29.571956886109646	SimBa
tweet-sno-1395	Q0	vclaim-sno-the-young-family	1	28.6696705133772	SimBa
tweet-sno-1396	Q0	vclaim-sno-mens-soccer-player-sports-bra	1	41.140879523668524	SimBa
tweet-sno-1396	Q0	vclaim-sno-us-womens-soccer-national-anthem	1	34.09483268636991	SimBa
tweet-sno-1396	Q0	vclaim-sno-us-womens-soccer-nazi-salute	1	33.763062560944284	SimBa
tweet-sno-1396	Q0	vclaim-sno-rapinoe-flag-stomp	1	33.51009384925212	SimBa
tweet-sno-1396	Q0	vclaim-sno-oakland-shortstop-nra-shirt	1	27.47626300082904	SimBa
tweet-sno-1397	Q0	vclaim-sno-nfl-scrapping-one-helmet-rule	1	43.556319902489484	SimBa
tweet-sno-1397	Q0	vclaim-sno-nfl-new-covid-19-helmet	1	31.21253458171391	SimBa
tweet-sno-1397	Q0	vclaim-sno-amazon-logo-hitlers-mustache	1	25.426814456419237	SimBa
tweet-sno-1397	Q0	vclaim-sno-florida-sheriffs-office-miami-dolphins-national-anthem	1	24.98829018020912	SimBa
tweet-sno-1397	Q0	vclaim-sno-miami-dolphins-undefeated-champagne	1	24.741453059265492	SimBa
tweet-sno-1398	Q0	vclaim-sno-bill-gates-india-sued	1	35.39527013768833	SimBa
tweet-sno-1398	Q0	vclaim-sno-bill-gates-release-gmo-mosquitoes	1	34.89661602834999	SimBa
tweet-sno-1398	Q0	vclaim-sno-bill-gates-vaccinations-depopulation	1	32.847383426900215	SimBa
tweet-sno-1398	Q0	vclaim-sno-bill-gates-id2020	1	32.69501646443847	SimBa
tweet-sno-1398	Q0	vclaim-sno-bill-gates-brief-cia-in-2005	1	30.301033802119587	SimBa
tweet-sno-1399	Q0	vclaim-sno-tucker-carlson-calls-milley-a-pig	1	43.29496305872488	SimBa
tweet-sno-1399	Q0	vclaim-sno-tucker-carlson-restaurants-sucks	1	27.902424052268092	SimBa
tweet-sno-1399	Q0	vclaim-sno-tucker-carlson-cornel-west-video	1	27.702427896145384	SimBa
tweet-sno-1399	Q0	vclaim-sno-ted-nugent-kaepernick-chimp	1	27.383597979302237	SimBa
tweet-sno-1399	Q0	vclaim-sno-biden-troops-stupid-bastards	1	27.18309827697915	SimBa
tweet-sno-1400	Q0	vclaim-sno-tucker-carlson-calls-milley-a-pig	1	39.297050387666786	SimBa
tweet-sno-1400	Q0	vclaim-sno-msnbc-producer-quit	1	33.00526579700682	SimBa
tweet-sno-1400	Q0	vclaim-sno-tashfeen-malik-face-photo	1	32.66137083310894	SimBa
tweet-sno-1400	Q0	vclaim-sno-cashier-flag-pin	1	32.57751813870398	SimBa
tweet-sno-1400	Q0	vclaim-sno-trump-tweet-nicolle-wallace	1	32.27775921825492	SimBa
tweet-sno-1401	Q0	vclaim-sno-donald-trump-purge-slogan	1	27.688156322959713	SimBa
tweet-sno-1401	Q0	vclaim-sno-trump-love-poorly-educated	1	27.073490846946758	SimBa
tweet-sno-1401	Q0	vclaim-sno-msnbc-pecker-chyron	1	26.81488847513354	SimBa
tweet-sno-1401	Q0	vclaim-sno-trump-challenge-coins	1	26.80993159547071	SimBa
tweet-sno-1401	Q0	vclaim-sno-hang-mike-pence-chant-capitol-riot	1	26.711970799910883	SimBa
tweet-sno-1402	Q0	vclaim-sno-amazon-prime-adults	1	45.206483894991955	SimBa
tweet-sno-1402	Q0	vclaim-sno-amazon-prime-increased-prices	1	27.298894058879725	SimBa
tweet-sno-1402	Q0	vclaim-sno-amish-community-puppy-mills	1	26.55967946738093	SimBa
tweet-sno-1402	Q0	vclaim-sno-us-more-registered-voters-than-adults	1	26.554681820401953	SimBa
tweet-sno-1402	Q0	vclaim-sno-amazon-phone-call-scam	1	26.341016649936748	SimBa
tweet-sno-1403	Q0	vclaim-sno-is-a-turtle-shell-really-modified-ribs	1	44.246174677382065	SimBa
tweet-sno-1403	Q0	vclaim-sno-hermit-crab-using-skull-shell	1	36.283288099659224	SimBa
tweet-sno-1403	Q0	vclaim-sno-god-turtle-image	1	34.729112020902605	SimBa
tweet-sno-1403	Q0	vclaim-sno-leatherback-sea-turtle-mouth	1	32.01179613984217	SimBa
tweet-sno-1403	Q0	vclaim-sno-large-leatherback-turtle-video	1	31.024235505986837	SimBa
tweet-sno-1404	Q0	vclaim-sno-mike-pence-called-traitor	1	51.01929443517334	SimBa
tweet-sno-1404	Q0	vclaim-sno-hang-mike-pence-chant-capitol-riot	1	43.343735776213144	SimBa
tweet-sno-1404	Q0	vclaim-sno-allahu-akbar-rally	1	35.252655434880076	SimBa
tweet-sno-1404	Q0	vclaim-sno-david-perdue-death-prayer-controversy	1	34.64470343377938	SimBa
tweet-sno-1404	Q0	vclaim-sno-patriot-picnic-at-chicano-park	1	34.34162817722643	SimBa
tweet-sno-1405	Q0	vclaim-sno-tucker-carlson-capitol-attack	1	48.55910344923265	SimBa
tweet-sno-1405	Q0	vclaim-sno-mypillow-antifa-temptresses	1	39.15644246136432	SimBa
tweet-sno-1405	Q0	vclaim-sno-bannon-hell-capitol-attack	1	36.75386477340256	SimBa
tweet-sno-1405	Q0	vclaim-sno-mike-shirkey-capitol-riot-hoax	1	34.515176620779684	SimBa
tweet-sno-1405	Q0	vclaim-sno-newspaper-rioters-photo-antifa	1	34.007952494063304	SimBa
tweet-sno-1406	Q0	vclaim-sno-park-seo-joon-marvel-sequel	1	45.2243931498773	SimBa
tweet-sno-1406	Q0	vclaim-sno-johny-bravo-the-rock-powerpuff-girls	1	26.41476711206678	SimBa
tweet-sno-1406	Q0	vclaim-sno-does-trump-loving-celebrity-want-critics-to-move	1	24.492330796745716	SimBa
tweet-sno-1406	Q0	vclaim-sno-peppa-pig-theme-park	1	24.43763807990804	SimBa
tweet-sno-1406	Q0	vclaim-sno-justin-bieber-han-solo	1	23.886299905785716	SimBa
