2019_nov_21_fact-checking-fifth-democratic-presidential-debate_0235	Q0	vclaim-pol-16814	1	60.290203501760196	SimBa
2019_nov_21_fact-checking-fifth-democratic-presidential-debate_0235	Q0	vclaim-pol-00058	1	45.8560290845727	SimBa
2019_nov_21_fact-checking-fifth-democratic-presidential-debate_0235	Q0	vclaim-pol-18761	1	43.10985058304673	SimBa
2019_nov_21_fact-checking-fifth-democratic-presidential-debate_0235	Q0	vclaim-pol-00164	1	42.5621970783453	SimBa
2019_nov_21_fact-checking-fifth-democratic-presidential-debate_0235	Q0	vclaim-pol-03162	1	42.1714485690687	SimBa
2019_nov_21_fact-checking-fifth-democratic-presidential-debate_0614	Q0	vclaim-pol-00659	1	40.65367153093343	SimBa
2019_nov_21_fact-checking-fifth-democratic-presidential-debate_0614	Q0	vclaim-pol-03461	1	37.22114719548167	SimBa
2019_nov_21_fact-checking-fifth-democratic-presidential-debate_0614	Q0	vclaim-pol-04572	1	36.00154455325153	SimBa
2019_nov_21_fact-checking-fifth-democratic-presidential-debate_0614	Q0	vclaim-pol-16216	1	35.30940072626646	SimBa
2019_nov_21_fact-checking-fifth-democratic-presidential-debate_0614	Q0	vclaim-pol-07868	1	34.6012010995431	SimBa
2019_nov_22_fact-checking-trumps-falsehoods-fox-and-friends-ab_0246	Q0	vclaim-pol-16799	1	33.961571345984815	SimBa
2019_nov_22_fact-checking-trumps-falsehoods-fox-and-friends-ab_0246	Q0	vclaim-pol-15340	1	28.376399824649212	SimBa
2019_nov_22_fact-checking-trumps-falsehoods-fox-and-friends-ab_0246	Q0	vclaim-pol-00473	1	27.82211957052169	SimBa
2019_nov_22_fact-checking-trumps-falsehoods-fox-and-friends-ab_0246	Q0	vclaim-pol-00079	1	25.93397353320243	SimBa
2019_nov_22_fact-checking-trumps-falsehoods-fox-and-friends-ab_0246	Q0	vclaim-pol-14744	1	25.021751986182835	SimBa
2019_nov_22_fact-checking-trumps-falsehoods-fox-and-friends-ab_0249	Q0	vclaim-pol-06018	1	22.242427337127932	SimBa
2019_nov_22_fact-checking-trumps-falsehoods-fox-and-friends-ab_0249	Q0	vclaim-pol-02144	1	21.581696711065078	SimBa
2019_nov_22_fact-checking-trumps-falsehoods-fox-and-friends-ab_0249	Q0	vclaim-pol-18287	1	20.688854672516587	SimBa
2019_nov_22_fact-checking-trumps-falsehoods-fox-and-friends-ab_0249	Q0	vclaim-pol-06622	1	18.74228371821884	SimBa
2019_nov_22_fact-checking-trumps-falsehoods-fox-and-friends-ab_0249	Q0	vclaim-pol-13534	1	17.975588536697888	SimBa
2019_nov_22_fact-checking-trumps-falsehoods-fox-and-friends-ab_0621	Q0	vclaim-pol-00086	1	47.24150677077787	SimBa
2019_nov_22_fact-checking-trumps-falsehoods-fox-and-friends-ab_0621	Q0	vclaim-pol-00087	1	43.08925690079993	SimBa
2019_nov_22_fact-checking-trumps-falsehoods-fox-and-friends-ab_0621	Q0	vclaim-pol-16683	1	42.10532477931921	SimBa
2019_nov_22_fact-checking-trumps-falsehoods-fox-and-friends-ab_0621	Q0	vclaim-pol-02489	1	38.27731990315002	SimBa
2019_nov_22_fact-checking-trumps-falsehoods-fox-and-friends-ab_0621	Q0	vclaim-pol-16652	1	38.15696975116787	SimBa
2019_nov_22_fact-checking-trumps-falsehoods-fox-and-friends-ab_0136	Q0	vclaim-pol-03540	1	34.1555851794591	SimBa
2019_nov_22_fact-checking-trumps-falsehoods-fox-and-friends-ab_0136	Q0	vclaim-pol-00130	1	34.106907124255734	SimBa
2019_nov_22_fact-checking-trumps-falsehoods-fox-and-friends-ab_0136	Q0	vclaim-pol-16165	1	30.788583341491645	SimBa
2019_nov_22_fact-checking-trumps-falsehoods-fox-and-friends-ab_0136	Q0	vclaim-pol-01871	1	30.490750879522494	SimBa
2019_nov_22_fact-checking-trumps-falsehoods-fox-and-friends-ab_0136	Q0	vclaim-pol-14614	1	29.642857084246092	SimBa
2019_nov_22_fact-checking-trumps-falsehoods-fox-and-friends-ab_0137	Q0	vclaim-pol-00130	1	34.08647978969589	SimBa
2019_nov_22_fact-checking-trumps-falsehoods-fox-and-friends-ab_0137	Q0	vclaim-pol-16906	1	30.721729552056843	SimBa
2019_nov_22_fact-checking-trumps-falsehoods-fox-and-friends-ab_0137	Q0	vclaim-pol-16165	1	29.186741851798605	SimBa
2019_nov_22_fact-checking-trumps-falsehoods-fox-and-friends-ab_0137	Q0	vclaim-pol-03152	1	28.291523949446386	SimBa
2019_nov_22_fact-checking-trumps-falsehoods-fox-and-friends-ab_0137	Q0	vclaim-pol-12673	1	28.036262299351495	SimBa
2019_nov_22_fact-checking-trumps-falsehoods-fox-and-friends-ab_0138	Q0	vclaim-pol-00130	1	38.4640042664771	SimBa
2019_nov_22_fact-checking-trumps-falsehoods-fox-and-friends-ab_0138	Q0	vclaim-pol-03251	1	27.939595650875685	SimBa
2019_nov_22_fact-checking-trumps-falsehoods-fox-and-friends-ab_0138	Q0	vclaim-pol-07721	1	27.92028671796861	SimBa
2019_nov_22_fact-checking-trumps-falsehoods-fox-and-friends-ab_0138	Q0	vclaim-pol-00656	1	27.301624063832065	SimBa
2019_nov_22_fact-checking-trumps-falsehoods-fox-and-friends-ab_0138	Q0	vclaim-pol-13597	1	27.075518832483045	SimBa
2019_nov_22_fact-checking-trumps-falsehoods-fox-and-friends-ab_0412	Q0	vclaim-pol-16816	1	36.77983399134192	SimBa
2019_nov_22_fact-checking-trumps-falsehoods-fox-and-friends-ab_0412	Q0	vclaim-pol-07040	1	36.20527727138812	SimBa
2019_nov_22_fact-checking-trumps-falsehoods-fox-and-friends-ab_0412	Q0	vclaim-pol-08176	1	34.72194228809966	SimBa
2019_nov_22_fact-checking-trumps-falsehoods-fox-and-friends-ab_0412	Q0	vclaim-pol-05541	1	33.732763877644125	SimBa
2019_nov_22_fact-checking-trumps-falsehoods-fox-and-friends-ab_0412	Q0	vclaim-pol-14670	1	32.771863480413366	SimBa
2019_nov_22_fact-checking-trumps-falsehoods-fox-and-friends-ab_0338	Q0	vclaim-pol-17780	1	39.5972930761231	SimBa
2019_nov_22_fact-checking-trumps-falsehoods-fox-and-friends-ab_0338	Q0	vclaim-pol-00071	1	38.88074127111886	SimBa
2019_nov_22_fact-checking-trumps-falsehoods-fox-and-friends-ab_0338	Q0	vclaim-pol-18287	1	38.649086607094574	SimBa
2019_nov_22_fact-checking-trumps-falsehoods-fox-and-friends-ab_0338	Q0	vclaim-pol-00124	1	37.911376520800864	SimBa
2019_nov_22_fact-checking-trumps-falsehoods-fox-and-friends-ab_0338	Q0	vclaim-pol-17662	1	37.6123251950022	SimBa
2019_nov_22_fact-checking-trumps-falsehoods-fox-and-friends-ab_0339	Q0	vclaim-pol-07465	1	31.428479245964155	SimBa
2019_nov_22_fact-checking-trumps-falsehoods-fox-and-friends-ab_0339	Q0	vclaim-pol-11740	1	31.161141091836072	SimBa
2019_nov_22_fact-checking-trumps-falsehoods-fox-and-friends-ab_0339	Q0	vclaim-pol-11576	1	30.465648999864584	SimBa
2019_nov_22_fact-checking-trumps-falsehoods-fox-and-friends-ab_0339	Q0	vclaim-pol-05446	1	30.29130314168378	SimBa
2019_nov_22_fact-checking-trumps-falsehoods-fox-and-friends-ab_0339	Q0	vclaim-pol-11242	1	29.310513665966955	SimBa
2019_nov_22_fact-checking-trumps-falsehoods-fox-and-friends-ab_0239	Q0	vclaim-pol-10247	1	25.411271006895777	SimBa
2019_nov_22_fact-checking-trumps-falsehoods-fox-and-friends-ab_0239	Q0	vclaim-pol-10092	1	25.411271006895777	SimBa
2019_nov_22_fact-checking-trumps-falsehoods-fox-and-friends-ab_0239	Q0	vclaim-pol-16243	1	25.058445162431184	SimBa
2019_nov_22_fact-checking-trumps-falsehoods-fox-and-friends-ab_0239	Q0	vclaim-pol-12491	1	24.95762580679636	SimBa
2019_nov_22_fact-checking-trumps-falsehoods-fox-and-friends-ab_0239	Q0	vclaim-pol-11813	1	24.83759139819335	SimBa
2019_nov_22_fact-checking-trumps-falsehoods-fox-and-friends-ab_0240	Q0	vclaim-pol-04893	1	30.263296154883125	SimBa
2019_nov_22_fact-checking-trumps-falsehoods-fox-and-friends-ab_0240	Q0	vclaim-pol-16109	1	27.333338770725238	SimBa
2019_nov_22_fact-checking-trumps-falsehoods-fox-and-friends-ab_0240	Q0	vclaim-pol-16593	1	26.766860868554005	SimBa
2019_nov_22_fact-checking-trumps-falsehoods-fox-and-friends-ab_0240	Q0	vclaim-pol-02144	1	26.538347568921548	SimBa
2019_nov_22_fact-checking-trumps-falsehoods-fox-and-friends-ab_0240	Q0	vclaim-pol-01138	1	26.27605014487884	SimBa
2019_nov_22_fact-checking-trumps-falsehoods-fox-and-friends-ab_0234	Q0	vclaim-pol-02385	1	44.49948138347278	SimBa
2019_nov_22_fact-checking-trumps-falsehoods-fox-and-friends-ab_0234	Q0	vclaim-pol-10419	1	35.79993542950516	SimBa
2019_nov_22_fact-checking-trumps-falsehoods-fox-and-friends-ab_0234	Q0	vclaim-pol-11914	1	33.85833825100054	SimBa
2019_nov_22_fact-checking-trumps-falsehoods-fox-and-friends-ab_0234	Q0	vclaim-pol-10110	1	33.37851670151256	SimBa
2019_nov_22_fact-checking-trumps-falsehoods-fox-and-friends-ab_0234	Q0	vclaim-pol-04083	1	32.11740874343846	SimBa
2019_nov_22_fact-checking-trumps-falsehoods-fox-and-friends-ab_0250	Q0	vclaim-pol-19164	1	46.564598545119736	SimBa
2019_nov_22_fact-checking-trumps-falsehoods-fox-and-friends-ab_0250	Q0	vclaim-pol-07513	1	45.69652415934997	SimBa
2019_nov_22_fact-checking-trumps-falsehoods-fox-and-friends-ab_0250	Q0	vclaim-pol-18006	1	44.345930970451015	SimBa
2019_nov_22_fact-checking-trumps-falsehoods-fox-and-friends-ab_0250	Q0	vclaim-pol-11126	1	41.40466604134938	SimBa
2019_nov_22_fact-checking-trumps-falsehoods-fox-and-friends-ab_0250	Q0	vclaim-pol-17461	1	40.70396896741371	SimBa
2019_oct_03_fact-checking-trumps-claims-about-medicare-village_0221	Q0	vclaim-pol-17334	1	37.395656227700776	SimBa
2019_oct_03_fact-checking-trumps-claims-about-medicare-village_0221	Q0	vclaim-pol-15746	1	35.3025124527359	SimBa
2019_oct_03_fact-checking-trumps-claims-about-medicare-village_0221	Q0	vclaim-pol-10560	1	35.085106910775984	SimBa
2019_oct_03_fact-checking-trumps-claims-about-medicare-village_0221	Q0	vclaim-pol-15650	1	33.19371321415394	SimBa
2019_oct_03_fact-checking-trumps-claims-about-medicare-village_0221	Q0	vclaim-pol-14993	1	33.14719592429282	SimBa
2019_oct_16_fact-checking-cnn-nyt-democratic-debate-ohio_0276	Q0	vclaim-pol-00057	1	67.18008204744841	SimBa
2019_oct_16_fact-checking-cnn-nyt-democratic-debate-ohio_0276	Q0	vclaim-pol-15721	1	43.036874445666406	SimBa
2019_oct_16_fact-checking-cnn-nyt-democratic-debate-ohio_0276	Q0	vclaim-pol-01077	1	41.54698482451952	SimBa
2019_oct_16_fact-checking-cnn-nyt-democratic-debate-ohio_0276	Q0	vclaim-pol-16611	1	39.056011677071034	SimBa
2019_oct_16_fact-checking-cnn-nyt-democratic-debate-ohio_0276	Q0	vclaim-pol-10683	1	37.73011758720671	SimBa
2019_oct_16_fact-checking-cnn-nyt-democratic-debate-ohio_0299	Q0	vclaim-pol-00056	1	55.8649724587245	SimBa
2019_oct_16_fact-checking-cnn-nyt-democratic-debate-ohio_0299	Q0	vclaim-pol-02643	1	44.26871528445446	SimBa
2019_oct_16_fact-checking-cnn-nyt-democratic-debate-ohio_0299	Q0	vclaim-pol-11076	1	43.65155269157746	SimBa
2019_oct_16_fact-checking-cnn-nyt-democratic-debate-ohio_0299	Q0	vclaim-pol-02718	1	42.50006353916566	SimBa
2019_oct_16_fact-checking-cnn-nyt-democratic-debate-ohio_0299	Q0	vclaim-pol-11932	1	41.777590937525574	SimBa
2019_oct_16_fact-checking-cnn-nyt-democratic-debate-ohio_0094	Q0	vclaim-pol-00055	1	69.03325030848627	SimBa
2019_oct_16_fact-checking-cnn-nyt-democratic-debate-ohio_0094	Q0	vclaim-pol-13490	1	49.37545083742651	SimBa
2019_oct_16_fact-checking-cnn-nyt-democratic-debate-ohio_0094	Q0	vclaim-pol-09341	1	47.776513048939705	SimBa
2019_oct_16_fact-checking-cnn-nyt-democratic-debate-ohio_0094	Q0	vclaim-pol-10250	1	44.97251886272565	SimBa
2019_oct_16_fact-checking-cnn-nyt-democratic-debate-ohio_0094	Q0	vclaim-pol-05065	1	44.60717725434218	SimBa
2019_oct_16_fact-checking-cnn-nyt-democratic-debate-ohio_0614	Q0	vclaim-pol-00656	1	30.582362906594586	SimBa
2019_oct_16_fact-checking-cnn-nyt-democratic-debate-ohio_0614	Q0	vclaim-pol-08597	1	28.118247787252685	SimBa
2019_oct_16_fact-checking-cnn-nyt-democratic-debate-ohio_0614	Q0	vclaim-pol-02891	1	28.031659554263104	SimBa
2019_oct_16_fact-checking-cnn-nyt-democratic-debate-ohio_0614	Q0	vclaim-pol-02690	1	26.334919486981608	SimBa
2019_oct_16_fact-checking-cnn-nyt-democratic-debate-ohio_0614	Q0	vclaim-pol-15650	1	26.259610939973026	SimBa
2019_oct_16_fact-checking-cnn-nyt-democratic-debate-ohio_0498	Q0	vclaim-pol-00049	1	62.9794342892676	SimBa
2019_oct_16_fact-checking-cnn-nyt-democratic-debate-ohio_0498	Q0	vclaim-pol-05423	1	51.16767417926436	SimBa
2019_oct_16_fact-checking-cnn-nyt-democratic-debate-ohio_0498	Q0	vclaim-pol-05278	1	49.648678963717536	SimBa
2019_oct_16_fact-checking-cnn-nyt-democratic-debate-ohio_0498	Q0	vclaim-pol-05211	1	44.52003498348258	SimBa
2019_oct_16_fact-checking-cnn-nyt-democratic-debate-ohio_0498	Q0	vclaim-pol-08403	1	42.456887001724816	SimBa
2019_oct_16_fact-checking-cnn-nyt-democratic-debate-ohio_0243	Q0	vclaim-pol-00058	1	46.828913120168146	SimBa
2019_oct_16_fact-checking-cnn-nyt-democratic-debate-ohio_0243	Q0	vclaim-pol-18761	1	46.07104097932001	SimBa
2019_oct_16_fact-checking-cnn-nyt-democratic-debate-ohio_0243	Q0	vclaim-pol-03162	1	44.25694935180391	SimBa
2019_oct_16_fact-checking-cnn-nyt-democratic-debate-ohio_0243	Q0	vclaim-pol-08562	1	40.845465113589896	SimBa
2019_oct_16_fact-checking-cnn-nyt-democratic-debate-ohio_0243	Q0	vclaim-pol-15503	1	40.41224200685861	SimBa
2020_feb_08_fact-checking-democratic-presidential-debate-manch_0191	Q0	vclaim-pol-16718	1	57.18874274725997	SimBa
2020_feb_08_fact-checking-democratic-presidential-debate-manch_0191	Q0	vclaim-pol-15630	1	45.62558865975581	SimBa
2020_feb_08_fact-checking-democratic-presidential-debate-manch_0191	Q0	vclaim-pol-15660	1	45.43979504911969	SimBa
2020_feb_08_fact-checking-democratic-presidential-debate-manch_0191	Q0	vclaim-pol-02723	1	44.08837920578753	SimBa
2020_feb_08_fact-checking-democratic-presidential-debate-manch_0191	Q0	vclaim-pol-15626	1	43.79580249045656	SimBa
2020_feb_08_fact-checking-democratic-presidential-debate-manch_0199	Q0	vclaim-pol-09327	1	39.765711145092055	SimBa
2020_feb_08_fact-checking-democratic-presidential-debate-manch_0199	Q0	vclaim-pol-18726	1	37.48966000749575	SimBa
2020_feb_08_fact-checking-democratic-presidential-debate-manch_0199	Q0	vclaim-pol-09713	1	37.298861075918694	SimBa
2020_feb_08_fact-checking-democratic-presidential-debate-manch_0199	Q0	vclaim-pol-11375	1	36.76095071052748	SimBa
2020_feb_08_fact-checking-democratic-presidential-debate-manch_0199	Q0	vclaim-pol-06568	1	36.1663620810775	SimBa
2020_feb_08_fact-checking-democratic-presidential-debate-manch_0159	Q0	vclaim-pol-17581	1	46.41390731441026	SimBa
2020_feb_08_fact-checking-democratic-presidential-debate-manch_0159	Q0	vclaim-pol-15673	1	37.850728731897625	SimBa
2020_feb_08_fact-checking-democratic-presidential-debate-manch_0159	Q0	vclaim-pol-08448	1	37.23673693295136	SimBa
2020_feb_08_fact-checking-democratic-presidential-debate-manch_0159	Q0	vclaim-pol-15660	1	37.21957952251165	SimBa
2020_feb_08_fact-checking-democratic-presidential-debate-manch_0159	Q0	vclaim-pol-13763	1	35.26368738106887	SimBa
2020_feb_08_fact-checking-democratic-presidential-debate-manch_0258	Q0	vclaim-pol-16610	1	37.86029932055439	SimBa
2020_feb_08_fact-checking-democratic-presidential-debate-manch_0258	Q0	vclaim-pol-00499	1	34.998263841855184	SimBa
2020_feb_08_fact-checking-democratic-presidential-debate-manch_0258	Q0	vclaim-pol-15721	1	34.82693043280964	SimBa
2020_feb_08_fact-checking-democratic-presidential-debate-manch_0258	Q0	vclaim-pol-01077	1	34.59084793882156	SimBa
2020_feb_08_fact-checking-democratic-presidential-debate-manch_0258	Q0	vclaim-pol-16611	1	34.31917283286162	SimBa
2020_feb_08_fact-checking-democratic-presidential-debate-manch_0739	Q0	vclaim-pol-05526	1	45.93327657026354	SimBa
2020_feb_08_fact-checking-democratic-presidential-debate-manch_0739	Q0	vclaim-pol-16495	1	39.89834480145827	SimBa
2020_feb_08_fact-checking-democratic-presidential-debate-manch_0739	Q0	vclaim-pol-01550	1	36.99399539347392	SimBa
2020_feb_08_fact-checking-democratic-presidential-debate-manch_0739	Q0	vclaim-pol-05456	1	34.934199886309905	SimBa
2020_feb_08_fact-checking-democratic-presidential-debate-manch_0739	Q0	vclaim-pol-16126	1	34.821334417521626	SimBa
2020_feb_08_fact-checking-democratic-presidential-debate-manch_0483	Q0	vclaim-pol-06885	1	41.75496979407908	SimBa
2020_feb_08_fact-checking-democratic-presidential-debate-manch_0483	Q0	vclaim-pol-06896	1	41.724664456633924	SimBa
2020_feb_08_fact-checking-democratic-presidential-debate-manch_0483	Q0	vclaim-pol-05864	1	38.75816066997006	SimBa
2020_feb_08_fact-checking-democratic-presidential-debate-manch_0483	Q0	vclaim-pol-00224	1	38.65873542317914	SimBa
2020_feb_08_fact-checking-democratic-presidential-debate-manch_0483	Q0	vclaim-pol-06163	1	37.253849831196995	SimBa
2020_feb_20_fact-checking-las-vegas-democratic-debate-bloomber_0285	Q0	vclaim-pol-17425	1	60.93739001502771	SimBa
2020_feb_20_fact-checking-las-vegas-democratic-debate-bloomber_0285	Q0	vclaim-pol-03996	1	32.931256260475045	SimBa
2020_feb_20_fact-checking-las-vegas-democratic-debate-bloomber_0285	Q0	vclaim-pol-04829	1	32.162464582061354	SimBa
2020_feb_20_fact-checking-las-vegas-democratic-debate-bloomber_0285	Q0	vclaim-pol-08545	1	31.696364987167954	SimBa
2020_feb_20_fact-checking-las-vegas-democratic-debate-bloomber_0285	Q0	vclaim-pol-07091	1	30.863538172732586	SimBa
2020_feb_20_fact-checking-las-vegas-democratic-debate-bloomber_0117	Q0	vclaim-pol-17423	1	55.62369522311062	SimBa
2020_feb_20_fact-checking-las-vegas-democratic-debate-bloomber_0117	Q0	vclaim-pol-04607	1	40.00011305571154	SimBa
2020_feb_20_fact-checking-las-vegas-democratic-debate-bloomber_0117	Q0	vclaim-pol-16102	1	37.84184914347568	SimBa
2020_feb_20_fact-checking-las-vegas-democratic-debate-bloomber_0117	Q0	vclaim-pol-10380	1	34.49868594938123	SimBa
2020_feb_20_fact-checking-las-vegas-democratic-debate-bloomber_0117	Q0	vclaim-pol-17909	1	34.28514112159332	SimBa
2020_feb_20_fact-checking-las-vegas-democratic-debate-bloomber_0365	Q0	vclaim-pol-17429	1	62.72614654180163	SimBa
2020_feb_20_fact-checking-las-vegas-democratic-debate-bloomber_0365	Q0	vclaim-pol-05310	1	30.713438928743027	SimBa
2020_feb_20_fact-checking-las-vegas-democratic-debate-bloomber_0365	Q0	vclaim-pol-03375	1	28.151368501838558	SimBa
2020_feb_20_fact-checking-las-vegas-democratic-debate-bloomber_0365	Q0	vclaim-pol-06203	1	27.306119734757157	SimBa
2020_feb_20_fact-checking-las-vegas-democratic-debate-bloomber_0365	Q0	vclaim-pol-13760	1	26.80495623055903	SimBa
2020_feb_20_fact-checking-las-vegas-democratic-debate-bloomber_0029	Q0	vclaim-pol-05555	1	44.665971598775	SimBa
2020_feb_20_fact-checking-las-vegas-democratic-debate-bloomber_0029	Q0	vclaim-pol-00959	1	43.14246206293922	SimBa
2020_feb_20_fact-checking-las-vegas-democratic-debate-bloomber_0029	Q0	vclaim-pol-03167	1	42.841665428719665	SimBa
2020_feb_20_fact-checking-las-vegas-democratic-debate-bloomber_0029	Q0	vclaim-pol-16426	1	39.89517928411596	SimBa
2020_feb_20_fact-checking-las-vegas-democratic-debate-bloomber_0029	Q0	vclaim-pol-15503	1	38.631498232550626	SimBa
2020_feb_20_fact-checking-las-vegas-democratic-debate-bloomber_0266	Q0	vclaim-pol-17581	1	51.85518517107545	SimBa
2020_feb_20_fact-checking-las-vegas-democratic-debate-bloomber_0266	Q0	vclaim-pol-15673	1	39.22183445259932	SimBa
2020_feb_20_fact-checking-las-vegas-democratic-debate-bloomber_0266	Q0	vclaim-pol-08448	1	38.596000550426616	SimBa
2020_feb_20_fact-checking-las-vegas-democratic-debate-bloomber_0266	Q0	vclaim-pol-15539	1	37.30420843962503	SimBa
2020_feb_20_fact-checking-las-vegas-democratic-debate-bloomber_0266	Q0	vclaim-pol-13754	1	36.8769605415951	SimBa
2020_feb_20_fact-checking-las-vegas-democratic-debate-bloomber_0268	Q0	vclaim-pol-15083	1	34.25859833342833	SimBa
2020_feb_20_fact-checking-las-vegas-democratic-debate-bloomber_0268	Q0	vclaim-pol-05159	1	33.85860100110035	SimBa
2020_feb_20_fact-checking-las-vegas-democratic-debate-bloomber_0268	Q0	vclaim-pol-16398	1	33.725053416512424	SimBa
2020_feb_20_fact-checking-las-vegas-democratic-debate-bloomber_0268	Q0	vclaim-pol-14660	1	32.79280099767414	SimBa
2020_feb_20_fact-checking-las-vegas-democratic-debate-bloomber_0268	Q0	vclaim-pol-17876	1	32.59564279174131	SimBa
2020_jan_15_fact-checking-seventh-democratic-presidential-deba_0443	Q0	vclaim-pol-17583	1	55.839477704164835	SimBa
2020_jan_15_fact-checking-seventh-democratic-presidential-deba_0443	Q0	vclaim-pol-06092	1	38.015898958198996	SimBa
2020_jan_15_fact-checking-seventh-democratic-presidential-deba_0443	Q0	vclaim-pol-16747	1	35.95418990192222	SimBa
2020_jan_15_fact-checking-seventh-democratic-presidential-deba_0443	Q0	vclaim-pol-05923	1	33.97600230031971	SimBa
2020_jan_15_fact-checking-seventh-democratic-presidential-deba_0443	Q0	vclaim-pol-18444	1	33.71680813738925	SimBa
2020_jan_15_fact-checking-seventh-democratic-presidential-deba_0636	Q0	vclaim-pol-17460	1	45.854644629422275	SimBa
2020_jan_15_fact-checking-seventh-democratic-presidential-deba_0636	Q0	vclaim-pol-15193	1	42.904069553431874	SimBa
2020_jan_15_fact-checking-seventh-democratic-presidential-deba_0636	Q0	vclaim-pol-17386	1	41.28989342951366	SimBa
2020_jan_15_fact-checking-seventh-democratic-presidential-deba_0636	Q0	vclaim-pol-12937	1	40.35300928624038	SimBa
2020_jan_15_fact-checking-seventh-democratic-presidential-deba_0636	Q0	vclaim-pol-14395	1	40.35298441741851	SimBa
2020_jan_15_fact-checking-seventh-democratic-presidential-deba_0011	Q0	vclaim-pol-05452	1	38.68570117109301	SimBa
2020_jan_15_fact-checking-seventh-democratic-presidential-deba_0011	Q0	vclaim-pol-16186	1	38.31667893000636	SimBa
2020_jan_15_fact-checking-seventh-democratic-presidential-deba_0011	Q0	vclaim-pol-05039	1	37.86715902466125	SimBa
2020_jan_15_fact-checking-seventh-democratic-presidential-deba_0011	Q0	vclaim-pol-16578	1	37.831894199074455	SimBa
2020_jan_15_fact-checking-seventh-democratic-presidential-deba_0011	Q0	vclaim-pol-05414	1	35.41296331451675	SimBa
2020_jan_15_fact-checking-seventh-democratic-presidential-deba_0012	Q0	vclaim-pol-17804	1	24.862743665557247	SimBa
2020_jan_15_fact-checking-seventh-democratic-presidential-deba_0012	Q0	vclaim-pol-15212	1	22.854838231768657	SimBa
2020_jan_15_fact-checking-seventh-democratic-presidential-deba_0012	Q0	vclaim-pol-05982	1	20.90176075518308	SimBa
2020_jan_15_fact-checking-seventh-democratic-presidential-deba_0012	Q0	vclaim-pol-14945	1	19.966378604857645	SimBa
2020_jan_15_fact-checking-seventh-democratic-presidential-deba_0012	Q0	vclaim-pol-16734	1	19.66426082173184	SimBa
2020_jan_15_fact-checking-seventh-democratic-presidential-deba_1075	Q0	vclaim-pol-00659	1	48.516838845500224	SimBa
2020_jan_15_fact-checking-seventh-democratic-presidential-deba_1075	Q0	vclaim-pol-03461	1	34.86374134052246	SimBa
2020_jan_15_fact-checking-seventh-democratic-presidential-deba_1075	Q0	vclaim-pol-07868	1	33.76808949249562	SimBa
2020_jan_15_fact-checking-seventh-democratic-presidential-deba_1075	Q0	vclaim-pol-16216	1	33.453414143158426	SimBa
2020_jan_15_fact-checking-seventh-democratic-presidential-deba_1075	Q0	vclaim-pol-02928	1	33.43307386145304	SimBa
2020_mar_06_fact-checking-donald-trumps-fox-news-town-hall-scr_0058	Q0	vclaim-pol-18063	1	39.093366065753536	SimBa
2020_mar_06_fact-checking-donald-trumps-fox-news-town-hall-scr_0058	Q0	vclaim-pol-18086	1	38.04957674627361	SimBa
2020_mar_06_fact-checking-donald-trumps-fox-news-town-hall-scr_0058	Q0	vclaim-pol-18158	1	35.407939789876544	SimBa
2020_mar_06_fact-checking-donald-trumps-fox-news-town-hall-scr_0058	Q0	vclaim-pol-18141	1	34.957468386891016	SimBa
2020_mar_06_fact-checking-donald-trumps-fox-news-town-hall-scr_0058	Q0	vclaim-pol-18644	1	34.941736618500975	SimBa
2020_mar_06_fact-checking-donald-trumps-fox-news-town-hall-scr_0060	Q0	vclaim-pol-03750	1	30.44568124617523	SimBa
2020_mar_06_fact-checking-donald-trumps-fox-news-town-hall-scr_0060	Q0	vclaim-pol-06353	1	29.546228125148517	SimBa
2020_mar_06_fact-checking-donald-trumps-fox-news-town-hall-scr_0060	Q0	vclaim-pol-13729	1	29.020632634316836	SimBa
2020_mar_06_fact-checking-donald-trumps-fox-news-town-hall-scr_0060	Q0	vclaim-pol-00320	1	28.740425097273732	SimBa
2020_mar_06_fact-checking-donald-trumps-fox-news-town-hall-scr_0060	Q0	vclaim-pol-16514	1	28.080273802697494	SimBa
2020_mar_06_fact-checking-donald-trumps-fox-news-town-hall-scr_0391	Q0	vclaim-pol-14978	1	32.81962019393491	SimBa
2020_mar_06_fact-checking-donald-trumps-fox-news-town-hall-scr_0391	Q0	vclaim-pol-04349	1	32.652097348382995	SimBa
2020_mar_06_fact-checking-donald-trumps-fox-news-town-hall-scr_0391	Q0	vclaim-pol-19041	1	31.407521353125826	SimBa
2020_mar_06_fact-checking-donald-trumps-fox-news-town-hall-scr_0391	Q0	vclaim-pol-03686	1	31.27291812405522	SimBa
2020_mar_06_fact-checking-donald-trumps-fox-news-town-hall-scr_0391	Q0	vclaim-pol-14298	1	30.2276289827745	SimBa
2020_mar_06_fact-checking-donald-trumps-fox-news-town-hall-scr_0400	Q0	vclaim-pol-18051	1	34.51827687141903	SimBa
2020_mar_06_fact-checking-donald-trumps-fox-news-town-hall-scr_0400	Q0	vclaim-pol-05468	1	29.057309057617392	SimBa
2020_mar_06_fact-checking-donald-trumps-fox-news-town-hall-scr_0400	Q0	vclaim-pol-06079	1	27.486291522032	SimBa
2020_mar_06_fact-checking-donald-trumps-fox-news-town-hall-scr_0400	Q0	vclaim-pol-17472	1	27.355503165904736	SimBa
2020_mar_06_fact-checking-donald-trumps-fox-news-town-hall-scr_0400	Q0	vclaim-pol-16334	1	26.75458926304866	SimBa
2020_mar_06_fact-checking-donald-trumps-fox-news-town-hall-scr_0441	Q0	vclaim-pol-18590	1	35.62185072863755	SimBa
2020_mar_06_fact-checking-donald-trumps-fox-news-town-hall-scr_0441	Q0	vclaim-pol-18580	1	35.090676437842234	SimBa
2020_mar_06_fact-checking-donald-trumps-fox-news-town-hall-scr_0441	Q0	vclaim-pol-17733	1	33.62964296364037	SimBa
2020_mar_06_fact-checking-donald-trumps-fox-news-town-hall-scr_0441	Q0	vclaim-pol-00632	1	33.48236102121015	SimBa
2020_mar_06_fact-checking-donald-trumps-fox-news-town-hall-scr_0441	Q0	vclaim-pol-17995	1	33.22898140335226	SimBa
2020_mar_06_fact-checking-donald-trumps-fox-news-town-hall-scr_0442	Q0	vclaim-pol-17368	1	54.47753544995053	SimBa
2020_mar_06_fact-checking-donald-trumps-fox-news-town-hall-scr_0442	Q0	vclaim-pol-08107	1	41.8523546071981	SimBa
2020_mar_06_fact-checking-donald-trumps-fox-news-town-hall-scr_0442	Q0	vclaim-pol-03286	1	40.139563313076	SimBa
2020_mar_06_fact-checking-donald-trumps-fox-news-town-hall-scr_0442	Q0	vclaim-pol-07235	1	40.10643761341829	SimBa
2020_mar_06_fact-checking-donald-trumps-fox-news-town-hall-scr_0442	Q0	vclaim-pol-08503	1	39.822084959473095	SimBa
2020_mar_06_fact-checking-donald-trumps-fox-news-town-hall-scr_0297	Q0	vclaim-pol-00259	1	29.89295376273387	SimBa
2020_mar_06_fact-checking-donald-trumps-fox-news-town-hall-scr_0297	Q0	vclaim-pol-06853	1	29.56364651583438	SimBa
2020_mar_06_fact-checking-donald-trumps-fox-news-town-hall-scr_0297	Q0	vclaim-pol-16418	1	28.644393271321103	SimBa
2020_mar_06_fact-checking-donald-trumps-fox-news-town-hall-scr_0297	Q0	vclaim-pol-15461	1	28.16701761192071	SimBa
2020_mar_06_fact-checking-donald-trumps-fox-news-town-hall-scr_0297	Q0	vclaim-pol-15052	1	27.52781144384549	SimBa
2020_mar_06_fact-checking-donald-trumps-fox-news-town-hall-scr_0661	Q0	vclaim-pol-02165	1	41.924159568111605	SimBa
2020_mar_06_fact-checking-donald-trumps-fox-news-town-hall-scr_0661	Q0	vclaim-pol-05525	1	40.67128186340731	SimBa
2020_mar_06_fact-checking-donald-trumps-fox-news-town-hall-scr_0661	Q0	vclaim-pol-03408	1	39.58822010715621	SimBa
2020_mar_06_fact-checking-donald-trumps-fox-news-town-hall-scr_0661	Q0	vclaim-pol-05732	1	39.344309354237815	SimBa
2020_mar_06_fact-checking-donald-trumps-fox-news-town-hall-scr_0661	Q0	vclaim-pol-02895	1	38.16757246501684	SimBa
2020_mar_06_fact-checking-donald-trumps-fox-news-town-hall-scr_0663	Q0	vclaim-pol-04553	1	27.365189568916232	SimBa
2020_mar_06_fact-checking-donald-trumps-fox-news-town-hall-scr_0663	Q0	vclaim-pol-16171	1	24.54920573450759	SimBa
2020_mar_06_fact-checking-donald-trumps-fox-news-town-hall-scr_0663	Q0	vclaim-pol-16261	1	21.169033581491217	SimBa
2020_mar_06_fact-checking-donald-trumps-fox-news-town-hall-scr_0663	Q0	vclaim-pol-04197	1	20.374347933230062	SimBa
2020_mar_06_fact-checking-donald-trumps-fox-news-town-hall-scr_0663	Q0	vclaim-pol-00526	1	19.163172888921384	SimBa
2020_mar_06_fact-checking-donald-trumps-fox-news-town-hall-scr_0668	Q0	vclaim-pol-00470	1	36.31037816068678	SimBa
2020_mar_06_fact-checking-donald-trumps-fox-news-town-hall-scr_0668	Q0	vclaim-pol-15953	1	32.000217974461385	SimBa
2020_mar_06_fact-checking-donald-trumps-fox-news-town-hall-scr_0668	Q0	vclaim-pol-03088	1	31.49840020181256	SimBa
2020_mar_06_fact-checking-donald-trumps-fox-news-town-hall-scr_0668	Q0	vclaim-pol-01987	1	30.810774789390123	SimBa
2020_mar_06_fact-checking-donald-trumps-fox-news-town-hall-scr_0668	Q0	vclaim-pol-02165	1	29.566929457847465	SimBa
2020_mar_16_fact-checking-sanders-biden-primary-debate_0552	Q0	vclaim-pol-04353	1	46.43539217074681	SimBa
2020_mar_16_fact-checking-sanders-biden-primary-debate_0552	Q0	vclaim-pol-04312	1	43.944917756967506	SimBa
2020_mar_16_fact-checking-sanders-biden-primary-debate_0552	Q0	vclaim-pol-01736	1	43.067731892931015	SimBa
2020_mar_16_fact-checking-sanders-biden-primary-debate_0552	Q0	vclaim-pol-01336	1	42.397080508769925	SimBa
2020_mar_16_fact-checking-sanders-biden-primary-debate_0552	Q0	vclaim-pol-01951	1	41.84522594669541	SimBa
2020_mar_16_fact-checking-sanders-biden-primary-debate_0858	Q0	vclaim-pol-07954	1	24.584318296376853	SimBa
2020_mar_16_fact-checking-sanders-biden-primary-debate_0858	Q0	vclaim-pol-14971	1	24.207393825759592	SimBa
2020_mar_16_fact-checking-sanders-biden-primary-debate_0858	Q0	vclaim-pol-16587	1	23.209495221987407	SimBa
2020_mar_16_fact-checking-sanders-biden-primary-debate_0858	Q0	vclaim-pol-04371	1	22.7748298697411	SimBa
2020_mar_16_fact-checking-sanders-biden-primary-debate_0858	Q0	vclaim-pol-16320	1	22.37307969822705	SimBa
2020_mar_16_fact-checking-sanders-biden-primary-debate_0859	Q0	vclaim-pol-01754	1	26.620593428566753	SimBa
2020_mar_16_fact-checking-sanders-biden-primary-debate_0859	Q0	vclaim-pol-16758	1	22.063388255373212	SimBa
2020_mar_16_fact-checking-sanders-biden-primary-debate_0859	Q0	vclaim-pol-05284	1	21.842225834450616	SimBa
2020_mar_16_fact-checking-sanders-biden-primary-debate_0859	Q0	vclaim-pol-00156	1	21.611140359528417	SimBa
2020_mar_16_fact-checking-sanders-biden-primary-debate_0859	Q0	vclaim-pol-00566	1	20.77170810299967	SimBa
2020_mar_16_fact-checking-sanders-biden-primary-debate_0385	Q0	vclaim-pol-00017	1	49.83976433128288	SimBa
2020_mar_16_fact-checking-sanders-biden-primary-debate_0385	Q0	vclaim-pol-12355	1	42.549310186953605	SimBa
2020_mar_16_fact-checking-sanders-biden-primary-debate_0385	Q0	vclaim-pol-10082	1	36.38615094416535	SimBa
2020_mar_16_fact-checking-sanders-biden-primary-debate_0385	Q0	vclaim-pol-15798	1	36.10727005293944	SimBa
2020_mar_16_fact-checking-sanders-biden-primary-debate_0385	Q0	vclaim-pol-14840	1	34.813861508346456	SimBa
2020_mar_16_fact-checking-sanders-biden-primary-debate_0672	Q0	vclaim-pol-14300	1	25.874120318962976	SimBa
2020_mar_16_fact-checking-sanders-biden-primary-debate_0672	Q0	vclaim-pol-16414	1	24.613267841260512	SimBa
2020_mar_16_fact-checking-sanders-biden-primary-debate_0672	Q0	vclaim-pol-14024	1	22.76655925749593	SimBa
2020_mar_16_fact-checking-sanders-biden-primary-debate_0672	Q0	vclaim-pol-15898	1	22.65844363196972	SimBa
2020_mar_16_fact-checking-sanders-biden-primary-debate_0672	Q0	vclaim-pol-07312	1	22.359661985376903	SimBa
2020_mar_16_fact-checking-sanders-biden-primary-debate_0674	Q0	vclaim-pol-03583	1	38.28051210682053	SimBa
2020_mar_16_fact-checking-sanders-biden-primary-debate_0674	Q0	vclaim-pol-18267	1	32.4541419345601	SimBa
2020_mar_16_fact-checking-sanders-biden-primary-debate_0674	Q0	vclaim-pol-11948	1	32.11089675379906	SimBa
2020_mar_16_fact-checking-sanders-biden-primary-debate_0674	Q0	vclaim-pol-18828	1	31.76136699555708	SimBa
2020_mar_16_fact-checking-sanders-biden-primary-debate_0674	Q0	vclaim-pol-03224	1	31.421892707645437	SimBa
2020_mar_16_fact-checking-sanders-biden-primary-debate_0675	Q0	vclaim-pol-17005	1	26.889312406297435	SimBa
2020_mar_16_fact-checking-sanders-biden-primary-debate_0675	Q0	vclaim-pol-12566	1	25.786347045738736	SimBa
2020_mar_16_fact-checking-sanders-biden-primary-debate_0675	Q0	vclaim-pol-11978	1	23.399097314326138	SimBa
2020_mar_16_fact-checking-sanders-biden-primary-debate_0675	Q0	vclaim-pol-11323	1	22.349481314131012	SimBa
2020_mar_16_fact-checking-sanders-biden-primary-debate_0675	Q0	vclaim-pol-08296	1	22.344134460188787	SimBa
2020_sep_16_fact-checking-donald-trumps-abc-town-hall_0079	Q0	vclaim-pol-17982	1	36.55348645913986	SimBa
2020_sep_16_fact-checking-donald-trumps-abc-town-hall_0079	Q0	vclaim-pol-17013	1	34.65864819976472	SimBa
2020_sep_16_fact-checking-donald-trumps-abc-town-hall_0079	Q0	vclaim-pol-18049	1	34.05259227675197	SimBa
2020_sep_16_fact-checking-donald-trumps-abc-town-hall_0079	Q0	vclaim-pol-17676	1	33.78982287221825	SimBa
2020_sep_16_fact-checking-donald-trumps-abc-town-hall_0079	Q0	vclaim-pol-17941	1	32.7227334761027	SimBa
2020_sep_16_fact-checking-donald-trumps-abc-town-hall_0080	Q0	vclaim-pol-17941	1	38.58968005568914	SimBa
2020_sep_16_fact-checking-donald-trumps-abc-town-hall_0080	Q0	vclaim-pol-17676	1	36.56460487089651	SimBa
2020_sep_16_fact-checking-donald-trumps-abc-town-hall_0080	Q0	vclaim-pol-17982	1	34.421243037123595	SimBa
2020_sep_16_fact-checking-donald-trumps-abc-town-hall_0080	Q0	vclaim-pol-17013	1	31.055173685784084	SimBa
2020_sep_16_fact-checking-donald-trumps-abc-town-hall_0080	Q0	vclaim-pol-18049	1	30.339673696255208	SimBa
2020_sep_16_fact-checking-donald-trumps-abc-town-hall_0081	Q0	vclaim-pol-15789	1	26.388084106460855	SimBa
2020_sep_16_fact-checking-donald-trumps-abc-town-hall_0081	Q0	vclaim-pol-04994	1	23.550749672362475	SimBa
2020_sep_16_fact-checking-donald-trumps-abc-town-hall_0081	Q0	vclaim-pol-14173	1	23.364825343002327	SimBa
2020_sep_16_fact-checking-donald-trumps-abc-town-hall_0081	Q0	vclaim-pol-13218	1	22.56851020347843	SimBa
2020_sep_16_fact-checking-donald-trumps-abc-town-hall_0081	Q0	vclaim-pol-10081	1	22.304868366698518	SimBa
2020_sep_16_fact-checking-donald-trumps-abc-town-hall_0116	Q0	vclaim-pol-18216	1	50.27540799103533	SimBa
2020_sep_16_fact-checking-donald-trumps-abc-town-hall_0116	Q0	vclaim-pol-18239	1	45.45454195741093	SimBa
2020_sep_16_fact-checking-donald-trumps-abc-town-hall_0116	Q0	vclaim-pol-18758	1	44.90251826088426	SimBa
2020_sep_16_fact-checking-donald-trumps-abc-town-hall_0116	Q0	vclaim-pol-18697	1	40.66428578015136	SimBa
2020_sep_16_fact-checking-donald-trumps-abc-town-hall_0116	Q0	vclaim-pol-17932	1	39.92295221823085	SimBa
2020_sep_16_fact-checking-donald-trumps-abc-town-hall_0117	Q0	vclaim-pol-04480	1	27.440456703219024	SimBa
2020_sep_16_fact-checking-donald-trumps-abc-town-hall_0117	Q0	vclaim-pol-05501	1	25.042979245915546	SimBa
2020_sep_16_fact-checking-donald-trumps-abc-town-hall_0117	Q0	vclaim-pol-16374	1	24.699228962086906	SimBa
2020_sep_16_fact-checking-donald-trumps-abc-town-hall_0117	Q0	vclaim-pol-04741	1	24.36009448759188	SimBa
2020_sep_16_fact-checking-donald-trumps-abc-town-hall_0117	Q0	vclaim-pol-19221	1	24.288325753154908	SimBa
2020_sep_16_fact-checking-donald-trumps-abc-town-hall_0216	Q0	vclaim-pol-16953	1	43.28188307271731	SimBa
2020_sep_16_fact-checking-donald-trumps-abc-town-hall_0216	Q0	vclaim-pol-19161	1	37.19519803073947	SimBa
2020_sep_16_fact-checking-donald-trumps-abc-town-hall_0216	Q0	vclaim-pol-17035	1	36.74514707739841	SimBa
2020_sep_16_fact-checking-donald-trumps-abc-town-hall_0216	Q0	vclaim-pol-00588	1	35.906965445064294	SimBa
2020_sep_16_fact-checking-donald-trumps-abc-town-hall_0216	Q0	vclaim-pol-17418	1	35.11834131990835	SimBa
2020_sep_16_fact-checking-donald-trumps-abc-town-hall_0054	Q0	vclaim-pol-16894	1	30.240945943116355	SimBa
2020_sep_16_fact-checking-donald-trumps-abc-town-hall_0054	Q0	vclaim-pol-16937	1	26.853390684085067	SimBa
2020_sep_16_fact-checking-donald-trumps-abc-town-hall_0054	Q0	vclaim-pol-18201	1	24.759458021115403	SimBa
2020_sep_16_fact-checking-donald-trumps-abc-town-hall_0054	Q0	vclaim-pol-18157	1	24.72831198724585	SimBa
2020_sep_16_fact-checking-donald-trumps-abc-town-hall_0054	Q0	vclaim-pol-18866	1	22.600212335932145	SimBa
2020_sep_16_fact-checking-donald-trumps-abc-town-hall_0493	Q0	vclaim-pol-16609	1	43.40886442802628	SimBa
2020_sep_16_fact-checking-donald-trumps-abc-town-hall_0493	Q0	vclaim-pol-18580	1	39.19781121633198	SimBa
2020_sep_16_fact-checking-donald-trumps-abc-town-hall_0493	Q0	vclaim-pol-00632	1	38.72121854106384	SimBa
2020_sep_16_fact-checking-donald-trumps-abc-town-hall_0493	Q0	vclaim-pol-16952	1	38.26782956189599	SimBa
2020_sep_16_fact-checking-donald-trumps-abc-town-hall_0493	Q0	vclaim-pol-01514	1	35.607812663188746	SimBa
2020_sep_16_fact-checking-donald-trumps-abc-town-hall_0617	Q0	vclaim-pol-16013	1	36.143551316754404	SimBa
2020_sep_16_fact-checking-donald-trumps-abc-town-hall_0617	Q0	vclaim-pol-12746	1	35.06261624527131	SimBa
2020_sep_16_fact-checking-donald-trumps-abc-town-hall_0617	Q0	vclaim-pol-10137	1	33.21115232147091	SimBa
2020_sep_16_fact-checking-donald-trumps-abc-town-hall_0617	Q0	vclaim-pol-16241	1	33.0502136276915	SimBa
2020_sep_16_fact-checking-donald-trumps-abc-town-hall_0617	Q0	vclaim-pol-18761	1	33.00213859258631	SimBa
