tweet-sno-1200	Q0	vclaim-sno-lady-gaga-oreo	1	44.786269573634435	SimBa
tweet-sno-1200	Q0	vclaim-sno-black-raspberry-chocolate-chip-oreos	1	41.29358734590461	SimBa
tweet-sno-1200	Q0	vclaim-sno-oreos-fake-tweet	1	39.36704114511254	SimBa
tweet-sno-1200	Q0	vclaim-sno-red-velvet-oreos	1	39.317528574689526	SimBa
tweet-sno-1200	Q0	vclaim-sno-basic-instinct	1	39.246216578895364	SimBa
tweet-sno-1201	Q0	vclaim-sno-biden-executive-order-dictator	1	55.876319326760886	SimBa
tweet-sno-1201	Q0	vclaim-sno-biden-signing-blank-papers	1	48.12116618716828	SimBa
tweet-sno-1201	Q0	vclaim-sno-mitch-mcconnell-one-of-my-proudest-moments	1	46.718490068202335	SimBa
tweet-sno-1201	Q0	vclaim-sno-biden-violate-mask-mandate	1	46.149296313456354	SimBa
tweet-sno-1201	Q0	vclaim-sno-trump-executive-order-biden	1	44.56697549764225	SimBa
tweet-sno-1202	Q0	vclaim-sno-biden-executive-order-dictator	1	52.643297045747445	SimBa
tweet-sno-1202	Q0	vclaim-sno-jimmy-carter-functioning-democracy	1	42.08483641308833	SimBa
tweet-sno-1202	Q0	vclaim-sno-biden-pandemic-statement	1	41.84966764216055	SimBa
tweet-sno-1202	Q0	vclaim-sno-biden-signing-blank-papers	1	40.318350529443514	SimBa
tweet-sno-1202	Q0	vclaim-sno-fake-aoc-purge-tweet	1	39.76630495313138	SimBa
tweet-sno-1203	Q0	vclaim-sno-farmers-protest-india-flag	1	51.09344453216579	SimBa
tweet-sno-1203	Q0	vclaim-sno-indian-flag-capitol-riots	1	44.27995734745364	SimBa
tweet-sno-1203	Q0	vclaim-sno-capture-the-flag	1	42.06658419651862	SimBa
tweet-sno-1203	Q0	vclaim-sno-fathers-day-protest-photo	1	41.40870411622134	SimBa
tweet-sno-1203	Q0	vclaim-sno-welcome-to-calexico	1	41.35719477507119	SimBa
tweet-sno-1204	Q0	vclaim-sno-biden-bans-china-virus	1	61.93937364290065	SimBa
tweet-sno-1204	Q0	vclaim-sno-power-grid-executive-order	1	48.44338905081297	SimBa
tweet-sno-1204	Q0	vclaim-sno-biden-abortion-exec-order	1	46.432135589306014	SimBa
tweet-sno-1204	Q0	vclaim-sno-trump-ban-travel-china-pandemic	1	45.621584555950086	SimBa
tweet-sno-1204	Q0	vclaim-sno-trump-executive-order-biden	1	43.92520711991063	SimBa
tweet-sno-1205	Q0	vclaim-sno-trump-office-former-president	1	50.065249963073406	SimBa
tweet-sno-1205	Q0	vclaim-sno-trump-twitter-john-barron-1946	1	45.31868907777367	SimBa
tweet-sno-1205	Q0	vclaim-sno-sag-letter-president-trump	1	44.07499354555165	SimBa
tweet-sno-1205	Q0	vclaim-sno-donald-trump-goya-beans	1	43.32692656519885	SimBa
tweet-sno-1205	Q0	vclaim-sno-trump-faith-based-initiative	1	43.09528396394983	SimBa
tweet-sno-1206	Q0	vclaim-sno-trump-office-former-president	1	57.336821058266764	SimBa
tweet-sno-1206	Q0	vclaim-sno-trump-twitter-john-barron-1946	1	49.22337785400068	SimBa
tweet-sno-1206	Q0	vclaim-sno-trump-faith-based-initiative	1	48.70884216804155	SimBa
tweet-sno-1206	Q0	vclaim-sno-donald-trump-remain-apprentice-inauguration	1	45.05338989018899	SimBa
tweet-sno-1206	Q0	vclaim-sno-trump-term-bio	1	44.35801158280223	SimBa
tweet-sno-1207	Q0	vclaim-sno-cocaine-smuggled-in-bananas	1	50.270378112649894	SimBa
tweet-sno-1207	Q0	vclaim-sno-seattle-crochet-cocaine	1	44.17223202987874	SimBa
tweet-sno-1207	Q0	vclaim-sno-mexico-seizes-us-cocaine	1	40.50547635322046	SimBa
tweet-sno-1207	Q0	vclaim-sno-cocaine-mitch	1	40.219948341890515	SimBa
tweet-sno-1207	Q0	vclaim-sno-capri-cocaine	1	39.21933085252301	SimBa
tweet-sno-1208	Q0	vclaim-sno-national-guard-parking-garage	1	47.23444093471901	SimBa
tweet-sno-1208	Q0	vclaim-sno-marines-corps-rebuke-pelosi	1	42.35791654741994	SimBa
tweet-sno-1208	Q0	vclaim-sno-biden-troops-stupid-bastards	1	40.28830992677559	SimBa
tweet-sno-1208	Q0	vclaim-sno-delta-force-biden-ukraine	1	40.18558867868976	SimBa
tweet-sno-1208	Q0	vclaim-sno-biden-dogs-kicked-out-white-house	1	40.11274239092238	SimBa
tweet-sno-1209	Q0	vclaim-sno-schumer-erection-senate-floor	1	53.640792087037624	SimBa
tweet-sno-1209	Q0	vclaim-sno-trump-letter-schumer	1	45.46636173177652	SimBa
tweet-sno-1209	Q0	vclaim-sno-trump-jr-impeached-deplorable	1	43.422744597899914	SimBa
tweet-sno-1209	Q0	vclaim-sno-listen-to-scientists	1	43.3825066212834	SimBa
tweet-sno-1209	Q0	vclaim-sno-chuck-schumer-resigns-disgrace	1	42.9323790730966	SimBa
tweet-sno-1210	Q0	vclaim-sno-schumer-erection-senate-floor	1	50.60021871960778	SimBa
tweet-sno-1210	Q0	vclaim-sno-presidential-erection	1	41.18230424684224	SimBa
tweet-sno-1210	Q0	vclaim-sno-pat-robertson-melania-cure	1	39.41721009444354	SimBa
tweet-sno-1210	Q0	vclaim-sno-desantis-biden-go-fuck-yourself	1	38.73433231656212	SimBa
tweet-sno-1210	Q0	vclaim-sno-chuck-schumer-kissing-a-girl	1	38.32014753734637	SimBa
tweet-sno-1211	Q0	vclaim-sno-schumer-erection-senate-floor	1	58.577772016378496	SimBa
tweet-sno-1211	Q0	vclaim-sno-mcconnell-trump-attack-capitol	1	46.87070966381169	SimBa
tweet-sno-1211	Q0	vclaim-sno-chuck-schumer-resigns-disgrace	1	45.198655395320394	SimBa
tweet-sno-1211	Q0	vclaim-sno-trump-peacefully-and-patriotically	1	44.27279379140927	SimBa
tweet-sno-1211	Q0	vclaim-sno-insurrection-act-trump	1	44.159603684975465	SimBa
tweet-sno-1212	Q0	vclaim-sno-schumer-erection-senate-floor	1	52.55408726396089	SimBa
tweet-sno-1212	Q0	vclaim-sno-chuck-schumer-kissing-a-girl	1	41.92272770935996	SimBa
tweet-sno-1212	Q0	vclaim-sno-schumer-daughter-cheerleader	1	41.64572529221727	SimBa
tweet-sno-1212	Q0	vclaim-sno-trump-letter-schumer	1	41.47945079012702	SimBa
tweet-sno-1212	Q0	vclaim-sno-trey-gowdy-nancy-pelosi	1	41.354895285961184	SimBa
tweet-sno-1213	Q0	vclaim-sno-schumer-erection-senate-floor	1	50.679943155038316	SimBa
tweet-sno-1213	Q0	vclaim-sno-chuck-schumer-kissing-a-girl	1	40.54390675704886	SimBa
tweet-sno-1213	Q0	vclaim-sno-chuck-schumer-resigns-disgrace	1	39.71851986689656	SimBa
tweet-sno-1213	Q0	vclaim-sno-obama-white-house-statue	1	39.06934508810117	SimBa
tweet-sno-1213	Q0	vclaim-sno-obama-hot-dog-museum	1	37.709327440755864	SimBa
tweet-sno-1214	Q0	vclaim-sno-schumer-erection-senate-floor	1	53.05866461581967	SimBa
tweet-sno-1214	Q0	vclaim-sno-democrats-giddy-covid	1	38.42219298790106	SimBa
tweet-sno-1214	Q0	vclaim-sno-don-rickles-roasts-congress	1	37.73203765513317	SimBa
tweet-sno-1214	Q0	vclaim-sno-huckabee-trump-biden-meme	1	37.48669149745164	SimBa
tweet-sno-1214	Q0	vclaim-sno-bernie-sanders-loser-meme	1	37.471169764444156	SimBa
tweet-sno-1215	Q0	vclaim-sno-bernice-king-mlk-day-instagram	1	54.298078896584116	SimBa
tweet-sno-1215	Q0	vclaim-sno-i-have-a-what	1	41.454781379918906	SimBa
tweet-sno-1215	Q0	vclaim-sno-naacp-covers-george-washington-statue-mlk-day-event	1	40.27076219031941	SimBa
tweet-sno-1215	Q0	vclaim-sno-ammon-bundy-rosa-parks	1	39.76145512838127	SimBa
tweet-sno-1215	Q0	vclaim-sno-four-things-about-king	1	39.26772107446755	SimBa
tweet-sno-1216	Q0	vclaim-sno-mypillow-discount-codes-qanon	1	48.05437636531217	SimBa
tweet-sno-1216	Q0	vclaim-sno-whitehouse-promoting-melania-trumps-qvc-products	1	40.00367520062422	SimBa
tweet-sno-1216	Q0	vclaim-sno-trump-fail-to-denounce-qanon	1	38.490337179370094	SimBa
tweet-sno-1216	Q0	vclaim-sno-kohls-facebook-coupon-scam	1	37.249780955730735	SimBa
tweet-sno-1216	Q0	vclaim-sno-starbucks-dreamer-day	1	36.982513973591196	SimBa
tweet-sno-1217	Q0	vclaim-sno-tesla-hiring-complaints-elon-musk	1	53.857291082827636	SimBa
tweet-sno-1217	Q0	vclaim-sno-jeff-goldblum-musk-zuckerberg	1	38.734317313691506	SimBa
tweet-sno-1217	Q0	vclaim-sno-elon-musk-illegal-immigrant	1	38.42027598392956	SimBa
tweet-sno-1217	Q0	vclaim-sno-elon-musk-death-hoax	1	38.29623191891906	SimBa
tweet-sno-1217	Q0	vclaim-sno-elon-musk-donald-trump-dumbass	1	37.29315448857554	SimBa
tweet-sno-1218	Q0	vclaim-sno-gwyneth-vagina-candle-explode	1	44.74531323216264	SimBa
tweet-sno-1218	Q0	vclaim-sno-gwyneth-paltrow-vagina-candle	1	42.37977351307435	SimBa
tweet-sno-1218	Q0	vclaim-sno-do-scented-candles-cause-cancer	1	40.37016948133334	SimBa
tweet-sno-1218	Q0	vclaim-sno-crayon-candle	1	39.63280840650177	SimBa
tweet-sno-1218	Q0	vclaim-sno-cfl-bulb-fire-risk	1	38.362883669854234	SimBa
tweet-sno-1219	Q0	vclaim-sno-twitter-marjorie-taylor-greene	1	55.308488561865765	SimBa
tweet-sno-1219	Q0	vclaim-sno-did-twitter-lock-trumps-account	1	49.422414597660755	SimBa
tweet-sno-1219	Q0	vclaim-sno-twitter-delete-trump-account-racism	1	46.102319466707485	SimBa
tweet-sno-1219	Q0	vclaim-sno-nps-twitter-account-shut-down	1	45.05481967579723	SimBa
tweet-sno-1219	Q0	vclaim-sno-snl-writer-suspended-tweet-barron	1	45.0037415078062	SimBa
tweet-sno-1220	Q0	vclaim-sno-burger-king-logo-new	1	57.11515038332656	SimBa
tweet-sno-1220	Q0	vclaim-sno-burger-king-adult-meal	1	43.66781033520605	SimBa
tweet-sno-1220	Q0	vclaim-sno-burger-king-tweet-women-kitchen	1	41.93996658726179	SimBa
tweet-sno-1220	Q0	vclaim-sno-amazon-logo-hitlers-mustache	1	41.654790086911305	SimBa
tweet-sno-1220	Q0	vclaim-sno-subservient-chicken	1	41.60397171449977	SimBa
tweet-sno-1221	Q0	vclaim-sno-covid-vaccine-throw-away	1	43.79376883282371	SimBa
tweet-sno-1221	Q0	vclaim-sno-new-york-covid-vaccine-preregister	1	42.5729974573217	SimBa
tweet-sno-1221	Q0	vclaim-sno-cuomo-vaccine-bad-news-trump	1	40.69218261903206	SimBa
tweet-sno-1221	Q0	vclaim-sno-amazon-vaccine-distribution	1	39.69121241485819	SimBa
tweet-sno-1221	Q0	vclaim-sno-biden-covid-vaccine-2	1	39.29581155393913	SimBa
tweet-sno-1222	Q0	vclaim-sno-trump-jr-impeached-deplorable	1	61.94743827564697	SimBa
tweet-sno-1222	Q0	vclaim-sno-trump-impeachment-dow-jones	1	45.06235439477988	SimBa
tweet-sno-1222	Q0	vclaim-sno-trump-impeachment-votes	1	44.22954602110636	SimBa
tweet-sno-1222	Q0	vclaim-sno-clinton-trump-deplorables-america	1	43.71874560285988	SimBa
tweet-sno-1222	Q0	vclaim-sno-trump-impeach-market-crash	1	42.875422811967795	SimBa
tweet-sno-1223	Q0	vclaim-sno-armie-hammer-cannibal-lifestyle	1	46.062602309211485	SimBa
tweet-sno-1223	Q0	vclaim-sno-covid19-vaccination-cannibalism	1	38.07309986803411	SimBa
tweet-sno-1223	Q0	vclaim-sno-flesh-potted	1	37.72459062458205	SimBa
tweet-sno-1223	Q0	vclaim-sno-boyfriend-corpses-medical-condition	1	36.52078468073489	SimBa
tweet-sno-1223	Q0	vclaim-sno-marrow-escape	1	36.30297349845885	SimBa
tweet-sno-1224	Q0	vclaim-sno-indian-flag-capitol-riots	1	44.62656210405548	SimBa
tweet-sno-1224	Q0	vclaim-sno-farmers-protest-india-flag	1	42.208031930097356	SimBa
tweet-sno-1224	Q0	vclaim-sno-capitol-police-selfie	1	40.673668812999864	SimBa
tweet-sno-1224	Q0	vclaim-sno-jay-johnston-capitol-riots	1	40.48572853902376	SimBa
tweet-sno-1224	Q0	vclaim-sno-muslims-rip-american-flag	1	39.30676720248652	SimBa
tweet-sno-1225	Q0	vclaim-sno-syringe-cakes	1	50.203766619748286	SimBa
tweet-sno-1225	Q0	vclaim-sno-pilot-trace-syringe-sky	1	40.30017228077072	SimBa
tweet-sno-1225	Q0	vclaim-sno-germanely-chocolate-cake	1	37.78592773946264	SimBa
tweet-sno-1225	Q0	vclaim-sno-turkish-snack-bar-paralysis-tablet	1	37.617443063020886	SimBa
tweet-sno-1225	Q0	vclaim-sno-mcdonalds-birthday-cakes	1	36.865609783677975	SimBa
tweet-sno-1226	Q0	vclaim-sno-trump-carved-manatees-back	1	50.207241000631626	SimBa
tweet-sno-1226	Q0	vclaim-sno-trump-whales-sea-turtles	1	41.39167942239295	SimBa
tweet-sno-1226	Q0	vclaim-sno-dermophis-donaldtrumpi-amphibian-trump	1	40.66488183206186	SimBa
tweet-sno-1226	Q0	vclaim-sno-liberals-hunt-conservatives-film	1	39.94285719315464	SimBa
tweet-sno-1226	Q0	vclaim-sno-patriot-picnic-at-chicano-park	1	39.500783459494826	SimBa
tweet-sno-1227	Q0	vclaim-sno-mary-miller-hitler	1	48.183669244214144	SimBa
tweet-sno-1227	Q0	vclaim-sno-trump-hitler-heritage-tweet	1	39.746950618827064	SimBa
tweet-sno-1227	Q0	vclaim-sno-the-squad-dresses	1	39.24539712560199	SimBa
tweet-sno-1227	Q0	vclaim-sno-did-georgia-lawmaker-nazis-d-day	1	38.74351951872805	SimBa
tweet-sno-1227	Q0	vclaim-sno-i-of-newt	1	38.59620510352284	SimBa
tweet-sno-1228	Q0	vclaim-sno-mary-miller-hitler	1	50.288590501295836	SimBa
tweet-sno-1228	Q0	vclaim-sno-liselotte-hubner-donald-trump	1	40.97670223557229	SimBa
tweet-sno-1228	Q0	vclaim-sno-hitler-control-quote	1	40.97005884086444	SimBa
tweet-sno-1228	Q0	vclaim-sno-to-conquer-a-nation	1	40.23098086124728	SimBa
tweet-sno-1228	Q0	vclaim-sno-eva-braun-children-separated	1	40.191745423119066	SimBa
tweet-sno-1229	Q0	vclaim-sno-capitol-riot-no-fly-list	1	49.14163010302342	SimBa
tweet-sno-1229	Q0	vclaim-sno-reconnaissance-tours	1	43.85008216860994	SimBa
tweet-sno-1229	Q0	vclaim-sno-american-airlines-trump-rioters-dc	1	43.13409248810529	SimBa
tweet-sno-1229	Q0	vclaim-sno-trump-mob-capitol	1	42.06458912696382	SimBa
tweet-sno-1229	Q0	vclaim-sno-capitol-police-opened-gates	1	41.56397385527135	SimBa
tweet-sno-1230	Q0	vclaim-sno-capitol-riot-taser-death	1	49.21593060942515	SimBa
tweet-sno-1230	Q0	vclaim-sno-getting-the-hang-of-it	1	40.174537885366064	SimBa
tweet-sno-1230	Q0	vclaim-sno-russias-got-talent-accident	1	39.94292320763583	SimBa
tweet-sno-1230	Q0	vclaim-sno-lottery-winner-dies-gold-plating	1	39.65957478775636	SimBa
tweet-sno-1230	Q0	vclaim-sno-iraqi-terrorist-grenades	1	38.821048550824734	SimBa
tweet-sno-1231	Q0	vclaim-sno-new-york-covid-vaccine-preregister	1	45.592355925941604	SimBa
tweet-sno-1231	Q0	vclaim-sno-parcel-delivery-service	1	42.88003289039579	SimBa
tweet-sno-1231	Q0	vclaim-sno-809-area-code-scam	1	41.93692562810362	SimBa
tweet-sno-1231	Q0	vclaim-sno-cell-phone-numbers-given-telemarketers	1	41.55241691066271	SimBa
tweet-sno-1231	Q0	vclaim-sno-new-medicare-card-scam	1	41.17728517000599	SimBa
tweet-sno-1232	Q0	vclaim-sno-warnock-arrested-capitol-praying	1	52.019901297869694	SimBa
tweet-sno-1232	Q0	vclaim-sno-capitol-police-selfie	1	43.77677413031776	SimBa
tweet-sno-1232	Q0	vclaim-sno-jay-johnston-capitol-riots	1	43.71606119456076	SimBa
tweet-sno-1232	Q0	vclaim-sno-capitol-riot-podium	1	43.58685978724193	SimBa
tweet-sno-1232	Q0	vclaim-sno-chuck-norris-capitol-riot	1	43.56080793355738	SimBa
tweet-sno-1233	Q0	vclaim-sno-tomi-lahren-biden-supporters-loot	1	55.51516275834051	SimBa
tweet-sno-1233	Q0	vclaim-sno-biden-promise-fewer-fires-floods	1	42.68613032373146	SimBa
tweet-sno-1233	Q0	vclaim-sno-trump-tell-supporters-storm	1	42.57263625186603	SimBa
tweet-sno-1233	Q0	vclaim-sno-harlan-hill-eat-shoe-biden-won	1	42.57078047111165	SimBa
tweet-sno-1233	Q0	vclaim-sno-truckers-strike-thanksgiving	1	41.82595984274681	SimBa
tweet-sno-1234	Q0	vclaim-sno-two-women-save-electoral-votes	1	44.5977292831687	SimBa
tweet-sno-1234	Q0	vclaim-sno-pence-escorted	1	42.923348283229586	SimBa
tweet-sno-1234	Q0	vclaim-sno-80-trump-ballots-burned	1	41.60394275401218	SimBa
tweet-sno-1234	Q0	vclaim-sno-ballots-georgia-senate	1	41.04668219961625	SimBa
tweet-sno-1234	Q0	vclaim-sno-georgia-suitcases	1	40.24439931012683	SimBa
tweet-sno-1235	Q0	vclaim-sno-two-women-save-electoral-votes	1	48.18466629622051	SimBa
tweet-sno-1235	Q0	vclaim-sno-all-female-senate-snowstorm	1	38.63497563338444	SimBa
tweet-sno-1235	Q0	vclaim-sno-kamala-harris-pearls-election-day	1	37.8390392201686	SimBa
tweet-sno-1235	Q0	vclaim-sno-u-s-senate-candidate-missouri-womans-rights	1	37.81589643802719	SimBa
tweet-sno-1235	Q0	vclaim-sno-hillary-clinton-victims-of-war	1	37.22442428152165	SimBa
tweet-sno-1236	Q0	vclaim-sno-trump-riot-camp-auschwitz-shirt	1	44.70810228255888	SimBa
tweet-sno-1236	Q0	vclaim-sno-i-of-newt	1	40.90495466702573	SimBa
tweet-sno-1236	Q0	vclaim-sno-amazon-auschwitz-decorations	1	39.61004466006549	SimBa
tweet-sno-1236	Q0	vclaim-sno-the-squad-dresses	1	39.46412722026074	SimBa
tweet-sno-1236	Q0	vclaim-sno-nazi-american-flags-real	1	39.20586394469248	SimBa
tweet-sno-1237	Q0	vclaim-sno-aoc-capitol-attack	1	46.268724232386965	SimBa
tweet-sno-1237	Q0	vclaim-sno-rosanne-boyland-trampled-flag	1	45.469281541246104	SimBa
tweet-sno-1237	Q0	vclaim-sno-mary-miller-hitler	1	44.53405975677392	SimBa
tweet-sno-1237	Q0	vclaim-sno-greta-thunberg-capitol-rioter	1	42.675609938542394	SimBa
tweet-sno-1237	Q0	vclaim-sno-raz-simone-guns	1	42.5006384459877	SimBa
tweet-sno-1238	Q0	vclaim-sno-elizabeth-knoxville-onion-towel	1	50.621247152990726	SimBa
tweet-sno-1238	Q0	vclaim-sno-simone-gold-capitol-riot	1	40.235236668031085	SimBa
tweet-sno-1238	Q0	vclaim-sno-jayapal-maskless-congress	1	38.43312578921505	SimBa
tweet-sno-1238	Q0	vclaim-sno-queen-trump-tiara	1	38.09827801796661	SimBa
tweet-sno-1238	Q0	vclaim-sno-antifa-protestor-punch-m80	1	37.66652586162637	SimBa
tweet-sno-1239	Q0	vclaim-sno-giuliani-rally-speech	1	43.578867039639135	SimBa
tweet-sno-1239	Q0	vclaim-sno-ballots-georgia-senate	1	40.24181306767913	SimBa
tweet-sno-1239	Q0	vclaim-sno-georgia-signature-audit	1	39.76777965668125	SimBa
tweet-sno-1239	Q0	vclaim-sno-george-soros-indicted-election-hacking	1	39.53799506740971	SimBa
tweet-sno-1239	Q0	vclaim-sno-my-cousin-vinny-giuliani	1	39.49738041208336	SimBa
tweet-sno-1240	Q0	vclaim-sno-national-guard-trump-mob	1	62.747409506265356	SimBa
tweet-sno-1240	Q0	vclaim-sno-lincoln-memorial-defaced-protesters	1	53.497281674983036	SimBa
tweet-sno-1240	Q0	vclaim-sno-obama-black-lives-matter-memorial	1	48.96032593955145	SimBa
tweet-sno-1240	Q0	vclaim-sno-flag-protest-baltimore	1	47.92091902330042	SimBa
tweet-sno-1240	Q0	vclaim-sno-troops-guarding-lincoln-memorial	1	47.519313739917344	SimBa
tweet-sno-1241	Q0	vclaim-sno-trump-threaten-federal-buildings	1	54.03634744198249	SimBa
tweet-sno-1241	Q0	vclaim-sno-law-charges-protesters-with-terrorism	1	43.466694158623426	SimBa
tweet-sno-1241	Q0	vclaim-sno-feds-unmarked-vans-portland	1	43.11300632982007	SimBa
tweet-sno-1241	Q0	vclaim-sno-trump-pardoning-capitol-riot	1	42.422996862516484	SimBa
tweet-sno-1241	Q0	vclaim-sno-oval-office-trashed-capitol-riot	1	41.880237285063465	SimBa
tweet-sno-1242	Q0	vclaim-sno-pence-trump-twitter-jan-6-riots	1	54.00886260417077	SimBa
tweet-sno-1242	Q0	vclaim-sno-trump-twitter-john-barron-1946	1	43.941548039263694	SimBa
tweet-sno-1242	Q0	vclaim-sno-onlyfans-trump-ban-capitol	1	43.47276259656452	SimBa
tweet-sno-1242	Q0	vclaim-sno-trump-lose-followers-first-time	1	41.8363190165209	SimBa
tweet-sno-1242	Q0	vclaim-sno-nps-twitter-account-shut-down	1	41.32399881563452	SimBa
tweet-sno-1243	Q0	vclaim-sno-confederate-flag-capitol-dc	1	50.66640080475872	SimBa
tweet-sno-1243	Q0	vclaim-sno-kevin-seefried-democrat-biden	1	47.15807501535975	SimBa
tweet-sno-1243	Q0	vclaim-sno-indian-flag-capitol-riots	1	45.380947308229466	SimBa
tweet-sno-1243	Q0	vclaim-sno-noose-hung-outside-capitol	1	44.94722597574966	SimBa
tweet-sno-1243	Q0	vclaim-sno-russian-flag-texas-capitol	1	44.72867118544252	SimBa
tweet-sno-1244	Q0	vclaim-sno-confederate-flag-capitol-dc	1	43.822696157884494	SimBa
tweet-sno-1244	Q0	vclaim-sno-biden-russian-flag	1	43.40115351830571	SimBa
tweet-sno-1244	Q0	vclaim-sno-kevin-seefried-democrat-biden	1	43.35033960591582	SimBa
tweet-sno-1244	Q0	vclaim-sno-russian-flag-texas-capitol	1	43.26983705484002	SimBa
tweet-sno-1244	Q0	vclaim-sno-flag-flap-2	1	42.610945375744784	SimBa
tweet-sno-1245	Q0	vclaim-sno-confederate-flag-capitol-dc	1	52.59795939854534	SimBa
tweet-sno-1245	Q0	vclaim-sno-kevin-seefried-democrat-biden	1	50.24000400834931	SimBa
tweet-sno-1245	Q0	vclaim-sno-mike-pence-confederate-flag	1	48.622472619806125	SimBa
tweet-sno-1245	Q0	vclaim-sno-capitol-riot-podium	1	45.66934615846546	SimBa
tweet-sno-1245	Q0	vclaim-sno-russian-flag-texas-capitol	1	45.48372769175635	SimBa
tweet-sno-1246	Q0	vclaim-sno-cross-erected-capitol-building	1	52.54563414761945	SimBa
tweet-sno-1246	Q0	vclaim-sno-police-flashbang-smoke-capitol	1	43.2316015618604	SimBa
tweet-sno-1246	Q0	vclaim-sno-noose-hung-outside-capitol	1	43.1438867351623	SimBa
tweet-sno-1246	Q0	vclaim-sno-us-capitol-security-fence	1	42.08028597039537	SimBa
tweet-sno-1246	Q0	vclaim-sno-golden-trump-statue-cpac	1	39.79952748361462	SimBa
tweet-sno-1247	Q0	vclaim-sno-covid-5g-chip-diagram	1	43.6932937836696	SimBa
tweet-sno-1247	Q0	vclaim-sno-chip-off-the-old-salk	1	42.16589615271282	SimBa
tweet-sno-1247	Q0	vclaim-sno-covid-19-vaccine-vape	1	40.60824749679847	SimBa
tweet-sno-1247	Q0	vclaim-sno-ipads-covid-virtual-visits	1	39.72104360293783	SimBa
tweet-sno-1247	Q0	vclaim-sno-margaret-keenan-covid-vaccine	1	39.46501164316388	SimBa
tweet-sno-1248	Q0	vclaim-sno-snow-los-angeles	1	45.92551903131909	SimBa
tweet-sno-1248	Q0	vclaim-sno-snowfall-in-the-sahara	1	39.137799580763364	SimBa
tweet-sno-1248	Q0	vclaim-sno-sahara-desert-snowfall	1	38.45256052941306	SimBa
tweet-sno-1248	Q0	vclaim-sno-snowfall-in-saudi-arabia-desert	1	37.570916693426064	SimBa
tweet-sno-1248	Q0	vclaim-sno-super-moon	1	37.28060157559195	SimBa
tweet-sno-1249	Q0	vclaim-sno-snow-los-angeles	1	48.67406956333714	SimBa
tweet-sno-1249	Q0	vclaim-sno-record-snowfall-in-oswego	1	39.29762101071081	SimBa
tweet-sno-1249	Q0	vclaim-sno-icicle-texas-storms	1	39.28427120107192	SimBa
tweet-sno-1249	Q0	vclaim-sno-devastating-snowfall-predicted-nw-montana-early-2018	1	38.9894498513469	SimBa
tweet-sno-1249	Q0	vclaim-sno-snow-burn	1	38.90170289670174	SimBa
tweet-sno-1250	Q0	vclaim-sno-pennsylvania-205000-votes	1	60.94727753253183	SimBa
tweet-sno-1250	Q0	vclaim-sno-trump-wins-pennsylvania	1	54.57076326529233	SimBa
tweet-sno-1250	Q0	vclaim-sno-20000-dead-voters-in-pennsylvania	1	52.04616808453682	SimBa
tweet-sno-1250	Q0	vclaim-sno-erie-pennsylvania-trump-ballots	1	51.49615557266948	SimBa
tweet-sno-1250	Q0	vclaim-sno-dead-person-voting-pennsylvania	1	49.70057913889572	SimBa
tweet-sno-1251	Q0	vclaim-sno-georgia-signature-audit	1	49.83968269444064	SimBa
tweet-sno-1251	Q0	vclaim-sno-floyd-county-georgia-votes	1	49.35991055446028	SimBa
tweet-sno-1251	Q0	vclaim-sno-georgia-dekalb-reject-mail-ballots	1	46.48686866605977	SimBa
tweet-sno-1251	Q0	vclaim-sno-ga-senator-counting-pa	1	46.373752406265574	SimBa
tweet-sno-1251	Q0	vclaim-sno-pennsylvania-205000-votes	1	44.86966442255955	SimBa
tweet-sno-1252	Q0	vclaim-sno-covid-result-holiday-gatherings	1	48.770543600404444	SimBa
tweet-sno-1252	Q0	vclaim-sno-ticketmaster-negative-covid-test	1	46.21430498314514	SimBa
tweet-sno-1252	Q0	vclaim-sno-covid-vax-false-hiv	1	43.22093769394441	SimBa
tweet-sno-1252	Q0	vclaim-sno-asymptomatic-covid-patients	1	43.1356933488058	SimBa
tweet-sno-1252	Q0	vclaim-sno-covid-flu-tamiflu	1	42.70157686169084	SimBa
tweet-sno-1253	Q0	vclaim-sno-scott-walker-pizza	1	42.46661016494475	SimBa
tweet-sno-1253	Q0	vclaim-sno-elon-musk-buca-di-beppo	1	38.20235584932502	SimBa
tweet-sno-1253	Q0	vclaim-sno-take-team-kavanaugh	1	37.381258550290944	SimBa
tweet-sno-1253	Q0	vclaim-sno-heil-walker	1	37.37426913871947	SimBa
tweet-sno-1253	Q0	vclaim-sno-dominos-pizza-saves-life	1	36.83489657378234	SimBa
tweet-sno-1254	Q0	vclaim-sno-swimming-pool-wonderful-life	1	45.184423242315596	SimBa
tweet-sno-1254	Q0	vclaim-sno-room-service	1	42.410445535748416	SimBa
tweet-sno-1254	Q0	vclaim-sno-high-school-confidential-2	1	37.17730763661181	SimBa
tweet-sno-1254	Q0	vclaim-sno-covington-catholic-black-paint	1	37.01027881038293	SimBa
tweet-sno-1254	Q0	vclaim-sno-world39s-largest-swimming-pool	1	36.917797498012604	SimBa
tweet-sno-1255	Q0	vclaim-sno-swimming-pool-wonderful-life	1	51.76548088816303	SimBa
tweet-sno-1255	Q0	vclaim-sno-world39s-largest-swimming-pool	1	38.69179676480091	SimBa
tweet-sno-1255	Q0	vclaim-sno-bowl-o-bama	1	35.19659478335162	SimBa
tweet-sno-1255	Q0	vclaim-sno-catchfish	1	34.42584607378539	SimBa
tweet-sno-1255	Q0	vclaim-sno-bugs-bunny-bathtub	1	34.14350520827615	SimBa
tweet-sno-1256	Q0	vclaim-sno-kfc-gaming-console	1	47.14211154751778	SimBa
tweet-sno-1256	Q0	vclaim-sno-mcdonalds-covid-sign	1	38.27339686263418	SimBa
tweet-sno-1256	Q0	vclaim-sno-zombie-chicken-video	1	37.49619604398772	SimBa
tweet-sno-1256	Q0	vclaim-sno-allstate-island-real	1	37.41204672385204	SimBa
tweet-sno-1256	Q0	vclaim-sno-chick-fil-a-tiktok-nuggets-recipe	1	37.398293855445694	SimBa
tweet-sno-1257	Q0	vclaim-sno-graham-buttigieg-repent	1	54.45196592074738	SimBa
tweet-sno-1257	Q0	vclaim-sno-tim-kaine-ban-catholic-church	1	41.570299864866556	SimBa
tweet-sno-1257	Q0	vclaim-sno-billy-graham-say-homosexuals-castrated	1	40.703530591170114	SimBa
tweet-sno-1257	Q0	vclaim-sno-pat-robertson-orlando-shooting	1	40.653508830587576	SimBa
tweet-sno-1257	Q0	vclaim-sno-california-pastor-praises-orlando-massacre	1	40.42967063695238	SimBa
tweet-sno-1258	Q0	vclaim-sno-tom-brady-ppp	1	47.47402716649408	SimBa
tweet-sno-1258	Q0	vclaim-sno-osteen-coronavirus-loan	1	44.46069486263621	SimBa
tweet-sno-1258	Q0	vclaim-sno-joel-osteen-flood-tithing	1	39.576308351159895	SimBa
tweet-sno-1258	Q0	vclaim-sno-steven-furtick-signs-six-year-110-million-contract-lakewood-church	1	38.2047497522167	SimBa
tweet-sno-1258	Q0	vclaim-sno-trump-michelle-obama-11-billion	1	36.74576303442579	SimBa
tweet-sno-1259	Q0	vclaim-sno-vatican-nativity	1	46.22711893002557	SimBa
tweet-sno-1259	Q0	vclaim-sno-nativity-seen	1	37.11596573517796	SimBa
tweet-sno-1259	Q0	vclaim-sno-belgian-town-removes-nativity-scene-appease-four-muslim-residents	1	36.27772265795356	SimBa
tweet-sno-1259	Q0	vclaim-sno-facebook-santa-jesus-image	1	35.943107124644726	SimBa
tweet-sno-1259	Q0	vclaim-sno-no-nativity-scenes-white-house	1	35.346814863479885	SimBa
tweet-sno-1260	Q0	vclaim-sno-cyberpunk-2077-refunds	1	55.08783553424271	SimBa
tweet-sno-1260	Q0	vclaim-sno-directv-nfl-refunds	1	35.23169588903066	SimBa
tweet-sno-1260	Q0	vclaim-sno-all-work-and-no-playstation	1	34.792302190175036	SimBa
tweet-sno-1260	Q0	vclaim-sno-nfl-refunds	1	33.945008445987526	SimBa
tweet-sno-1260	Q0	vclaim-sno-return-to-spender	1	33.80262894935694	SimBa
tweet-sno-1261	Q0	vclaim-sno-cyberpunk-2077-refunds	1	60.340929220722316	SimBa
tweet-sno-1261	Q0	vclaim-sno-xbox-playstation-ps5-congrats	1	37.49038752014812	SimBa
tweet-sno-1261	Q0	vclaim-sno-directv-nfl-refunds	1	37.218067038315226	SimBa
tweet-sno-1261	Q0	vclaim-sno-costco-policy-change	1	35.947859488899056	SimBa
tweet-sno-1261	Q0	vclaim-sno-nfl-refunds	1	34.494208387182454	SimBa
tweet-sno-1262	Q0	vclaim-sno-extraterrestrial-material-asteroid	1	39.75011393618184	SimBa
tweet-sno-1262	Q0	vclaim-sno-margaret-keenan-covid-vaccine	1	35.09294739372789	SimBa
tweet-sno-1262	Q0	vclaim-sno-water-sculpture-japan	1	34.59544342539634	SimBa
tweet-sno-1262	Q0	vclaim-sno-li-meng-yan-covid-19-lab	1	34.50880656503329	SimBa
tweet-sno-1262	Q0	vclaim-sno-giants-in-japan	1	33.82446781186022	SimBa
tweet-sno-1263	Q0	vclaim-sno-supreme-court-erupt-shouting-match	1	50.415445876793505	SimBa
tweet-sno-1263	Q0	vclaim-sno-supreme-court-justices-stand	1	41.42986213314947	SimBa
tweet-sno-1263	Q0	vclaim-sno-john-kasich-said-we-cant-entrust-abortion-decision-to-women	1	41.21352371067184	SimBa
tweet-sno-1263	Q0	vclaim-sno-teamkraken-georgia-injunction	1	40.673898927171294	SimBa
tweet-sno-1263	Q0	vclaim-sno-sonia-sotomayor-speech-donald-trump	1	40.57843106602496	SimBa
tweet-sno-1264	Q0	vclaim-sno-schitts-creek-motel-seattle	1	46.07822670853064	SimBa
tweet-sno-1264	Q0	vclaim-sno-houses-in-unusual-places	1	35.14545892151215	SimBa
tweet-sno-1264	Q0	vclaim-sno-jeff-goldblum-food-truck	1	34.01758074475755	SimBa
tweet-sno-1264	Q0	vclaim-sno-redneck-mansion	1	33.94235137881386	SimBa
tweet-sno-1264	Q0	vclaim-sno-skeleton-strippers-halloween	1	33.62224033336356	SimBa
tweet-sno-1265	Q0	vclaim-sno-schitts-creek-motel-seattle	1	56.74322534378031	SimBa
tweet-sno-1265	Q0	vclaim-sno-rose-garden-hedges-kkk	1	37.28305683071699	SimBa
tweet-sno-1265	Q0	vclaim-sno-trump-sign-hollywood-los-angeles	1	36.00077057579781	SimBa
tweet-sno-1265	Q0	vclaim-sno-michigan-whitmer-electrified-fence	1	35.82983612190242	SimBa
tweet-sno-1265	Q0	vclaim-sno-cum-park-plaza-photo	1	35.749801645772756	SimBa
tweet-sno-1266	Q0	vclaim-sno-popular-vote-totals-rigged	1	54.08765213116657	SimBa
tweet-sno-1266	Q0	vclaim-sno-everylegalvote-2020-election	1	46.92217105748793	SimBa
tweet-sno-1266	Q0	vclaim-sno-trump-biden-vote-dumps	1	46.66583988322157	SimBa
tweet-sno-1266	Q0	vclaim-sno-simple-math-on-biden-votes	1	44.79890864772439	SimBa
tweet-sno-1266	Q0	vclaim-sno-biden-306-electoral-votes	1	44.673131423995486	SimBa
tweet-sno-1267	Q0	vclaim-sno-the-north-face-refuse-jackets	1	53.70117392551714	SimBa
tweet-sno-1267	Q0	vclaim-sno-north-dakota-pipeline-protest	1	38.392941862100756	SimBa
tweet-sno-1267	Q0	vclaim-sno-big-oil	1	37.774215015558006	SimBa
tweet-sno-1267	Q0	vclaim-sno-ace-hardware-stands-against-standing-rock	1	37.2077385508325	SimBa
tweet-sno-1267	Q0	vclaim-sno-hurricane-gas-bumper-sticker	1	37.19265777776755	SimBa
tweet-sno-1268	Q0	vclaim-sno-alex-jones-biden-removed	1	58.45424929754381	SimBa
tweet-sno-1268	Q0	vclaim-sno-fake-aoc-purge-tweet	1	47.83258164585336	SimBa
tweet-sno-1268	Q0	vclaim-sno-biden-fail-condemn-antifa	1	45.474277226080886	SimBa
tweet-sno-1268	Q0	vclaim-sno-militia-bidens-inauguration	1	45.39506653390306	SimBa
tweet-sno-1268	Q0	vclaim-sno-joe-biden-beat-biden	1	45.31509418099985	SimBa
tweet-sno-1269	Q0	vclaim-sno-allstate-island-real	1	58.666246873018835	SimBa
tweet-sno-1269	Q0	vclaim-sno-dog-island	1	40.4473524592257	SimBa
tweet-sno-1269	Q0	vclaim-sno-insane-cliff-house	1	38.51779029029122	SimBa
tweet-sno-1269	Q0	vclaim-sno-violin-island-in-costa-rica	1	38.27398123145433	SimBa
tweet-sno-1269	Q0	vclaim-sno-donald-j-trump-state-park	1	38.19265735616727	SimBa
tweet-sno-1270	Q0	vclaim-sno-allstate-island-real	1	54.67668111184417	SimBa
tweet-sno-1270	Q0	vclaim-sno-violin-island-in-costa-rica	1	36.819962709726376	SimBa
tweet-sno-1270	Q0	vclaim-sno-donald-j-trump-state-park	1	36.45798763627824	SimBa
tweet-sno-1270	Q0	vclaim-sno-purple-lobster-caught-in-maine	1	36.22218171017138	SimBa
tweet-sno-1270	Q0	vclaim-sno-dog-island	1	35.37126265913418	SimBa
tweet-sno-1271	Q0	vclaim-sno-federal-holiday-christmas-eve	1	67.4293816368014	SimBa
tweet-sno-1271	Q0	vclaim-sno-playing-christmas-music-federal-crime	1	46.30847029423462	SimBa
tweet-sno-1271	Q0	vclaim-sno-war-on-christmas-monument	1	44.55980423934117	SimBa
tweet-sno-1271	Q0	vclaim-sno-melania-trump-last-christmas	1	44.146812991323365	SimBa
tweet-sno-1271	Q0	vclaim-sno-muslims-declare-december-24th-islamic-holiday	1	43.511827749436875	SimBa
tweet-sno-1272	Q0	vclaim-sno-disney-sister-act-3	1	60.73963887681839	SimBa
tweet-sno-1272	Q0	vclaim-sno-disney-live-action-hercules	1	40.59379673367463	SimBa
tweet-sno-1272	Q0	vclaim-sno-disney-pixar-boo	1	39.7033040370165	SimBa
tweet-sno-1272	Q0	vclaim-sno-disneys-princes	1	39.377243197764074	SimBa
tweet-sno-1272	Q0	vclaim-sno-when-is-hocus-pocus-2-coming-out	1	39.02138558379929	SimBa
tweet-sno-1273	Q0	vclaim-sno-when-is-hocus-pocus-2-coming-out	1	62.78034401647395	SimBa
tweet-sno-1273	Q0	vclaim-sno-hocus-pocus-2	1	53.19538946827788	SimBa
tweet-sno-1273	Q0	vclaim-sno-disney-pixar-boo	1	47.25103048950353	SimBa
tweet-sno-1273	Q0	vclaim-sno-beetlejuice-2-coming-soon	1	45.20945968612615	SimBa
tweet-sno-1273	Q0	vclaim-sno-disney-live-action-hercules	1	44.43257375343736	SimBa
tweet-sno-1274	Q0	vclaim-sno-chick-fil-a-long-lines-lawsuit	1	47.79787066308527	SimBa
tweet-sno-1274	Q0	vclaim-sno-georgia-lawmaker-go-back-claim	1	41.033424156671394	SimBa
tweet-sno-1274	Q0	vclaim-sno-chick-fil-a-sunday-tradition	1	40.56395811814426	SimBa
tweet-sno-1274	Q0	vclaim-sno-chick-fil-a-food-stranded-storm	1	39.29008286832319	SimBa
tweet-sno-1274	Q0	vclaim-sno-huckabee-sanders-red-hen-protest	1	39.238964660419	SimBa
tweet-sno-1275	Q0	vclaim-sno-costco-rotisserie-chicken-cheap	1	72.84983234407075	SimBa
tweet-sno-1275	Q0	vclaim-sno-costco-policy-change	1	40.20560587532775	SimBa
tweet-sno-1275	Q0	vclaim-sno-costco-lying-about-cage-free-eggs	1	38.972029282594804	SimBa
tweet-sno-1275	Q0	vclaim-sno-costco-closing-stores	1	37.92457713366599	SimBa
tweet-sno-1275	Q0	vclaim-sno-taco-bell-closing-2020	1	37.25177818853552	SimBa
tweet-sno-1276	Q0	vclaim-sno-ia-fl-oh-election-loss	1	60.3769857811995	SimBa
tweet-sno-1276	Q0	vclaim-sno-won-both-ohio-florida-lost	1	55.89841675953083	SimBa
tweet-sno-1276	Q0	vclaim-sno-trump-biden-vote-dumps	1	47.30490356049068	SimBa
tweet-sno-1276	Q0	vclaim-sno-trump-clinton-counties-won	1	46.525926834603844	SimBa
tweet-sno-1276	Q0	vclaim-sno-trump-wins-pennsylvania	1	45.982999093453806	SimBa
tweet-sno-1277	Q0	vclaim-sno-apartment-radiator-pandemic-spread	1	55.12126104474097	SimBa
tweet-sno-1277	Q0	vclaim-sno-fauci-blame-flu-deaths-1918	1	43.05105746946651	SimBa
tweet-sno-1277	Q0	vclaim-sno-cat-spanish-flu-mask	1	41.36918244267187	SimBa
tweet-sno-1277	Q0	vclaim-sno-1918-quarantine-ad-for-phone	1	40.59219723218384	SimBa
tweet-sno-1277	Q0	vclaim-sno-old-news-clippings-1921	1	40.49308761223114	SimBa
tweet-sno-1278	Q0	vclaim-sno-mcdonalds-breakfast-frozen-eggs	1	47.335748811657844	SimBa
tweet-sno-1278	Q0	vclaim-sno-mcdonalds-mitten-cups	1	40.32601064113952	SimBa
tweet-sno-1278	Q0	vclaim-sno-mcdonalds-breakfast-exposed	1	39.78481245596663	SimBa
tweet-sno-1278	Q0	vclaim-sno-long-live-timbits	1	38.90331508730312	SimBa
tweet-sno-1278	Q0	vclaim-sno-something-eggstra	1	38.791179792246446	SimBa
tweet-sno-1279	Q0	vclaim-sno-gohmert-tooth-fall-out	1	58.18689061543223	SimBa
tweet-sno-1279	Q0	vclaim-sno-biden-dogs-trump-chew-toy	1	38.08348099944219	SimBa
tweet-sno-1279	Q0	vclaim-sno-trey-gowdy-nancy-pelosi	1	37.80476146313518	SimBa
tweet-sno-1279	Q0	vclaim-sno-cornyn-votes-puerto-rico	1	37.747713212818574	SimBa
tweet-sno-1279	Q0	vclaim-sno-harlan-hill-eat-shoe-biden-won	1	37.435825097105486	SimBa
tweet-sno-1280	Q0	vclaim-sno-biden-harris-disease-disagreed	1	71.93726617215897	SimBa
tweet-sno-1280	Q0	vclaim-sno-harris-biden-blog-post	1	50.03746523916371	SimBa
tweet-sno-1280	Q0	vclaim-sno-kamala-harris-call-biden-racist	1	46.23543205643095	SimBa
tweet-sno-1280	Q0	vclaim-sno-harris-believe-biden-accusers	1	45.179244784952786	SimBa
tweet-sno-1280	Q0	vclaim-sno-joe-biden-beat-biden	1	44.9893283018268	SimBa
tweet-sno-1281	Q0	vclaim-sno-indiana-jones-saxophone	1	45.88636433021543	SimBa
tweet-sno-1281	Q0	vclaim-sno-jim-carrey-death-hoax-2016	1	37.06284403334116	SimBa
tweet-sno-1281	Q0	vclaim-sno-police-saxophone-machine-gun	1	34.82872201020528	SimBa
tweet-sno-1281	Q0	vclaim-sno-delayed-grantification	1	34.33148754557368	SimBa
tweet-sno-1281	Q0	vclaim-sno-man-finds-weird-cave	1	34.28944623899126	SimBa
tweet-sno-1282	Q0	vclaim-sno-indiana-jones-saxophone	1	54.18891484830063	SimBa
tweet-sno-1282	Q0	vclaim-sno-eric-clapton-quote-about-prince	1	37.26612995784516	SimBa
tweet-sno-1282	Q0	vclaim-sno-police-saxophone-machine-gun	1	35.68483026477061	SimBa
tweet-sno-1282	Q0	vclaim-sno-joshua-bell-company	1	35.465395521283995	SimBa
tweet-sno-1282	Q0	vclaim-sno-lennon-guitar-spock-elvis	1	34.89721924607419	SimBa
tweet-sno-1283	Q0	vclaim-sno-indiana-jones-saxophone	1	53.6017327842732	SimBa
tweet-sno-1283	Q0	vclaim-sno-george-floyd-challenge	1	34.798718508249074	SimBa
tweet-sno-1283	Q0	vclaim-sno-police-saxophone-machine-gun	1	33.8304765371613	SimBa
tweet-sno-1283	Q0	vclaim-sno-high-school-band-police-shooting	1	33.69990300561666	SimBa
tweet-sno-1283	Q0	vclaim-sno-white-bic-lighter-deaths	1	33.56156130697194	SimBa
tweet-sno-1284	Q0	vclaim-sno-indiana-jones-saxophone	1	46.771638713991166	SimBa
tweet-sno-1284	Q0	vclaim-sno-harrison-ford-trump-han-solo	1	42.817386503554	SimBa
tweet-sno-1284	Q0	vclaim-sno-harrison-ford-holding-a-trump-sign	1	40.428351154396424	SimBa
tweet-sno-1284	Q0	vclaim-sno-lennon-guitar-spock-elvis	1	38.83346869470718	SimBa
tweet-sno-1284	Q0	vclaim-sno-justin-bieber-han-solo	1	38.323952314966	SimBa
tweet-sno-1285	Q0	vclaim-sno-florida-rebekah-jones-raid	1	49.4278249769052	SimBa
tweet-sno-1285	Q0	vclaim-sno-fbi-wasserman-schultz-home	1	38.97508292383579	SimBa
tweet-sno-1285	Q0	vclaim-sno-seattle-police-chief-letter	1	37.32545059642468	SimBa
tweet-sno-1285	Q0	vclaim-sno-tennessee-rep-meth-lab	1	37.29458284112694	SimBa
tweet-sno-1285	Q0	vclaim-sno-trump-admin-seizing-ppe	1	37.26078850465229	SimBa
tweet-sno-1286	Q0	vclaim-sno-nasa-sally-ride-100-tampons	1	59.03716643944442	SimBa
tweet-sno-1286	Q0	vclaim-sno-spacesuit-envy	1	42.13072769597935	SimBa
tweet-sno-1286	Q0	vclaim-sno-nasa-hillary-clinton-astronaut	1	39.412242624624334	SimBa
tweet-sno-1286	Q0	vclaim-sno-vodka-tampons	1	38.949638397117894	SimBa
tweet-sno-1286	Q0	vclaim-sno-recalled-tampons-zombie-ants	1	38.542073420534294	SimBa
tweet-sno-1287	Q0	vclaim-sno-my-pleasure-chick-fil-a	1	52.64726970200441	SimBa
tweet-sno-1287	Q0	vclaim-sno-starbucks-giveaway-blm	1	40.49830640451533	SimBa
tweet-sno-1287	Q0	vclaim-sno-chick-fil-a-promotions	1	39.965785910047664	SimBa
tweet-sno-1287	Q0	vclaim-sno-caleb-lee-pizza-hut	1	39.96176697825979	SimBa
tweet-sno-1287	Q0	vclaim-sno-does-restaurant-tattoo-guarantee-food	1	39.601389529298395	SimBa
tweet-sno-1288	Q0	vclaim-sno-my-pleasure-chick-fil-a	1	57.85860285414538	SimBa
tweet-sno-1288	Q0	vclaim-sno-chick-fil-a-mothers-day	1	44.968033320426194	SimBa
tweet-sno-1288	Q0	vclaim-sno-chick-fil-a-meal-promo	1	44.642507746645094	SimBa
tweet-sno-1288	Q0	vclaim-sno-free-cone-day	1	44.619904689896366	SimBa
tweet-sno-1288	Q0	vclaim-sno-chick-fil-a-promotions	1	44.4740306827758	SimBa
tweet-sno-1289	Q0	vclaim-sno-my-pleasure-chick-fil-a	1	54.77035617270268	SimBa
tweet-sno-1289	Q0	vclaim-sno-free-cone-day	1	44.74385027337873	SimBa
tweet-sno-1289	Q0	vclaim-sno-chick-fil-a-promotions	1	43.88879492821194	SimBa
tweet-sno-1289	Q0	vclaim-sno-chick-fil-a-mothers-day	1	42.04175509632273	SimBa
tweet-sno-1289	Q0	vclaim-sno-chick-fil-a-coupon-scam	1	41.82405906117759	SimBa
tweet-sno-1290	Q0	vclaim-sno-my-pleasure-chick-fil-a	1	56.04002123624557	SimBa
tweet-sno-1290	Q0	vclaim-sno-chick-fil-a-promotions	1	43.9154603354026	SimBa
tweet-sno-1290	Q0	vclaim-sno-chick-fil-a-mothers-day	1	43.59301616673241	SimBa
tweet-sno-1290	Q0	vclaim-sno-chick-fil-a-coupon-scam	1	42.94828141815582	SimBa
tweet-sno-1290	Q0	vclaim-sno-chick-fil-a-gift-basket	1	41.54188243991396	SimBa
tweet-sno-1291	Q0	vclaim-sno-biden-covid-vaccine	1	53.93219826313193	SimBa
tweet-sno-1291	Q0	vclaim-sno-biden-covid-vaccine-2	1	47.27490571799851	SimBa
tweet-sno-1291	Q0	vclaim-sno-trump-promise-vaccine-election-day	1	45.2930900807396	SimBa
tweet-sno-1291	Q0	vclaim-sno-cuomo-vaccine-bad-news-trump	1	44.94680206285576	SimBa
tweet-sno-1291	Q0	vclaim-sno-biden-pandemic-statement	1	44.47422458707041	SimBa
tweet-sno-1292	Q0	vclaim-sno-matt-putz	1	55.94976104503988	SimBa
tweet-sno-1292	Q0	vclaim-sno-chris-christie-vetoes-equal-pay	1	38.98044611056752	SimBa
tweet-sno-1292	Q0	vclaim-sno-pennsylvania-bans-new-jersey-drivers	1	38.27881390443974	SimBa
tweet-sno-1292	Q0	vclaim-sno-mazel-tov-mock-tale	1	38.19791137418797	SimBa
tweet-sno-1292	Q0	vclaim-sno-senators-busted-prostitution-ring	1	37.98238324030342	SimBa
tweet-sno-1293	Q0	vclaim-sno-christian-owned-airlines-change-wing-light-colors-to-celebrate-christmas	1	39.707542750757334	SimBa
tweet-sno-1293	Q0	vclaim-sno-chick-fil-a-food-stranded-storm	1	38.82695704026146	SimBa
tweet-sno-1293	Q0	vclaim-sno-hurricane-irma-hitting-miami-airport	1	37.44469503652962	SimBa
tweet-sno-1293	Q0	vclaim-sno-chick-fil-open-sundays	1	36.170250455450905	SimBa
tweet-sno-1293	Q0	vclaim-sno-chick-fil-a-gift-basket	1	35.89512343351577	SimBa
tweet-sno-1294	Q0	vclaim-sno-drake-scented-candles	1	51.648797965277964	SimBa
tweet-sno-1294	Q0	vclaim-sno-gwyneth-paltrow-vagina-candle	1	43.69857907960014	SimBa
tweet-sno-1294	Q0	vclaim-sno-kfc-really-create-chicken-scented-candle	1	39.6685893726178	SimBa
tweet-sno-1294	Q0	vclaim-sno-mcdonalds-quarter-pounder-candles	1	38.74067380780639	SimBa
tweet-sno-1294	Q0	vclaim-sno-gwyneth-vagina-candle-explode	1	36.98478355683185	SimBa
tweet-sno-1295	Q0	vclaim-sno-flash-player-no-longer-supported	1	49.16119884400052	SimBa
tweet-sno-1295	Q0	vclaim-sno-is-minecraft-shutting-down	1	36.711278612287586	SimBa
tweet-sno-1295	Q0	vclaim-sno-ruby-tuesday-closing	1	35.61007982025859	SimBa
tweet-sno-1295	Q0	vclaim-sno-antarctica-covid-cases	1	35.03964994626358	SimBa
tweet-sno-1295	Q0	vclaim-sno-target-holiday-stores	1	34.27445910697747	SimBa
tweet-sno-1296	Q0	vclaim-sno-flash-player-no-longer-supported	1	49.45941462947282	SimBa
tweet-sno-1296	Q0	vclaim-sno-boob-youtube	1	37.59778835000462	SimBa
tweet-sno-1296	Q0	vclaim-sno-nasa-blackout-warning	1	37.2558798406497	SimBa
tweet-sno-1296	Q0	vclaim-sno-month-end-closeout	1	35.40260246081488	SimBa
tweet-sno-1296	Q0	vclaim-sno-target-holiday-stores	1	35.245016091155875	SimBa
tweet-sno-1297	Q0	vclaim-sno-flash-player-no-longer-supported	1	51.95775700558297	SimBa
tweet-sno-1297	Q0	vclaim-sno-boob-youtube	1	41.163170671714106	SimBa
tweet-sno-1297	Q0	vclaim-sno-netflix-friends	1	37.29761991349789	SimBa
tweet-sno-1297	Q0	vclaim-sno-youtube-ban-suspend-trump	1	36.314939394361566	SimBa
tweet-sno-1297	Q0	vclaim-sno-facebook-ban-livestreamed-music	1	36.23587460122955	SimBa
tweet-sno-1298	Q0	vclaim-sno-santa-covid-exemption-ireland	1	57.45401100826119	SimBa
tweet-sno-1298	Q0	vclaim-sno-california-holiday-rules	1	39.828215260768715	SimBa
tweet-sno-1298	Q0	vclaim-sno-covid-result-holiday-gatherings	1	38.21107180929499	SimBa
tweet-sno-1298	Q0	vclaim-sno-track-meet	1	37.74266025484236	SimBa
tweet-sno-1298	Q0	vclaim-sno-5-year-old-boy-dies-in-santas-arms	1	37.50543803029184	SimBa
tweet-sno-1299	Q0	vclaim-sno-monolith-california	1	43.05921657016975	SimBa
tweet-sno-1299	Q0	vclaim-sno-monolith-found-utah	1	40.35910868481882	SimBa
tweet-sno-1299	Q0	vclaim-sno-elephant-mountain-real-place	1	37.86905231553094	SimBa
tweet-sno-1299	Q0	vclaim-sno-turtle-mountain-photo	1	37.86032006977959	SimBa
tweet-sno-1299	Q0	vclaim-sno-firefall-fire-waterfall	1	37.24429020093662	SimBa
tweet-sno-1300	Q0	vclaim-sno-king-louis-xiv-fetish-birth	1	52.4692519215027	SimBa
tweet-sno-1300	Q0	vclaim-sno-17-women-pregnant-by-same-man	1	37.59888339110618	SimBa
tweet-sno-1300	Q0	vclaim-sno-centrifugal-birthing-apparatus	1	37.19286854098019	SimBa
tweet-sno-1300	Q0	vclaim-sno-oklahoma-host-woman-humphrey	1	36.82289889550514	SimBa
tweet-sno-1300	Q0	vclaim-sno-doctor-mourning-previously-infertile-mother	1	36.76881984407173	SimBa
tweet-sno-1301	Q0	vclaim-sno-loser-lawn-trump-golf-course	1	44.46823107122643	SimBa
tweet-sno-1301	Q0	vclaim-sno-golfing-trump-election-results	1	43.4471685642421	SimBa
tweet-sno-1301	Q0	vclaim-sno-trump-madame-tussauds-golf-election	1	41.63221614608632	SimBa
tweet-sno-1301	Q0	vclaim-sno-tim-tebow-tweet	1	40.83170803128757	SimBa
tweet-sno-1301	Q0	vclaim-sno-cornyn-votes-puerto-rico	1	40.39155862917703	SimBa
tweet-sno-1302	Q0	vclaim-sno-johns-hopkins-covid-deaths	1	59.33563340847863	SimBa
tweet-sno-1302	Q0	vclaim-sno-cdc-mortality-statistics	1	46.0558422423944	SimBa
tweet-sno-1302	Q0	vclaim-sno-typical-year-covid-deaths	1	44.75532173372466	SimBa
tweet-sno-1302	Q0	vclaim-sno-us-covid-deaths-vietnam-war	1	44.32845618974226	SimBa
tweet-sno-1302	Q0	vclaim-sno-cdc-covid-19-data	1	44.170053193781186	SimBa
tweet-sno-1303	Q0	vclaim-sno-leonardo-dicaprio-disney-channel	1	36.93471752622851	SimBa
tweet-sno-1303	Q0	vclaim-sno-transgender-teen-wrestling-title	1	36.233605231748015	SimBa
tweet-sno-1303	Q0	vclaim-sno-playgirl-trump-contest	1	35.43723386303133	SimBa
tweet-sno-1303	Q0	vclaim-sno-teen-hector-cruz-contracts-herpes-condom-challenge	1	35.405336992474744	SimBa
tweet-sno-1303	Q0	vclaim-sno-72-hour-challenge	1	35.04604952207976	SimBa
tweet-sno-1304	Q0	vclaim-sno-leonardo-dicaprio-disney-channel	1	41.983524282633105	SimBa
tweet-sno-1304	Q0	vclaim-sno-playgirl-trump-contest	1	38.7710818762976	SimBa
tweet-sno-1304	Q0	vclaim-sno-katherine-web-kiss-cam	1	35.1600048440671	SimBa
tweet-sno-1304	Q0	vclaim-sno-girl-playing-ping-pong	1	34.38062331970211	SimBa
tweet-sno-1304	Q0	vclaim-sno-back-to-the-future-predictions	1	34.302382870794915	SimBa
tweet-sno-1305	Q0	vclaim-sno-leonardo-dicaprio-disney-channel	1	36.94403333755507	SimBa
tweet-sno-1305	Q0	vclaim-sno-mike-tyson-time-traveler	1	33.88084248959758	SimBa
tweet-sno-1305	Q0	vclaim-sno-woman-struggles-to-open-can-of-spaghetti-os	1	33.3303896146291	SimBa
tweet-sno-1305	Q0	vclaim-sno-pepsis-got-a-lot-to-give	1	32.68552826432871	SimBa
tweet-sno-1305	Q0	vclaim-sno-red-haired-teen-sues-his-parents	1	32.38171895497607	SimBa
tweet-sno-1306	Q0	vclaim-sno-georgia-signature-audit	1	48.03070534067953	SimBa
tweet-sno-1306	Q0	vclaim-sno-georgia-black-voter-registration	1	43.762209274328	SimBa
tweet-sno-1306	Q0	vclaim-sno-teamkraken-georgia-injunction	1	43.23423774745381	SimBa
tweet-sno-1306	Q0	vclaim-sno-floyd-county-georgia-votes	1	42.2119530017138	SimBa
tweet-sno-1306	Q0	vclaim-sno-georgia-dekalb-reject-mail-ballots	1	41.68493145334147	SimBa
tweet-sno-1307	Q0	vclaim-sno-trump-detroit-voters-2020	1	48.29637397371444	SimBa
tweet-sno-1307	Q0	vclaim-sno-more-votes-than-voters-in-detroit	1	45.865362587812484	SimBa
tweet-sno-1307	Q0	vclaim-sno-detroit-voter-roll-lawsuit	1	44.94260112982988	SimBa
tweet-sno-1307	Q0	vclaim-sno-rumor-alert-biden-michigan-votes	1	44.72837731571835	SimBa
tweet-sno-1307	Q0	vclaim-sno-trump-biden-vote-dumps	1	43.56542641078175	SimBa
tweet-sno-1308	Q0	vclaim-sno-trump-pardon-turkey-election	1	57.578772340813586	SimBa
tweet-sno-1308	Q0	vclaim-sno-trump-recount-battleground-states	1	42.79288349562954	SimBa
tweet-sno-1308	Q0	vclaim-sno-trump-biden-vote-dumps	1	41.778848755382015	SimBa
tweet-sno-1308	Q0	vclaim-sno-teamkraken-georgia-injunction	1	41.64274367778218	SimBa
tweet-sno-1308	Q0	vclaim-sno-erie-pennsylvania-trump-ballots	1	41.22312681082069	SimBa
tweet-sno-1309	Q0	vclaim-sno-alaska-town-60-days-without-sun	1	47.911591801002984	SimBa
tweet-sno-1309	Q0	vclaim-sno-sun-lockdown	1	38.60019774786083	SimBa
tweet-sno-1309	Q0	vclaim-sno-wolf-moon-january	1	38.38580127216374	SimBa
tweet-sno-1309	Q0	vclaim-sno-trump-comet-meteor-shower-eclipse	1	36.94068202950735	SimBa
tweet-sno-1309	Q0	vclaim-sno-nasa-blackout-warning	1	36.14283762387383	SimBa
tweet-sno-1310	Q0	vclaim-sno-florida-air-force-robotic-dogs	1	54.31175479888867	SimBa
tweet-sno-1310	Q0	vclaim-sno-army-working-dogs-satire	1	41.88213172890134	SimBa
tweet-sno-1310	Q0	vclaim-sno-biden-major-dog-rescue-white-house	1	39.14279566499843	SimBa
tweet-sno-1310	Q0	vclaim-sno-marine-corps-dog-adoptions	1	38.69299819508045	SimBa
tweet-sno-1310	Q0	vclaim-sno-air-field	1	37.51872471973064	SimBa
tweet-sno-1311	Q0	vclaim-sno-20000-dead-voters-in-pennsylvania	1	57.99149239712549	SimBa
tweet-sno-1311	Q0	vclaim-sno-wisconsin-vote-dump	1	53.01395701008619	SimBa
tweet-sno-1311	Q0	vclaim-sno-trump-biden-vote-dumps	1	52.9016433061591	SimBa
tweet-sno-1311	Q0	vclaim-sno-biden-fraud-ballots-count	1	52.14527979154681	SimBa
tweet-sno-1311	Q0	vclaim-sno-simple-math-on-biden-votes	1	51.45109153129082	SimBa
tweet-sno-1312	Q0	vclaim-sno-christmas-tree-owl	1	50.34080182940081	SimBa
tweet-sno-1312	Q0	vclaim-sno-snowy-owl-130-years	1	39.48530271987499	SimBa
tweet-sno-1312	Q0	vclaim-sno-owl-having-an-orgasm	1	38.25219844565772	SimBa
tweet-sno-1312	Q0	vclaim-sno-rainbow-owl	1	37.78010315705531	SimBa
tweet-sno-1312	Q0	vclaim-sno-stuffed-owlets	1	36.70605903020842	SimBa
tweet-sno-1313	Q0	vclaim-sno-wisconsin-vote-dump	1	57.10858977988142	SimBa
tweet-sno-1313	Q0	vclaim-sno-trump-biden-vote-dumps	1	53.35411283527387	SimBa
tweet-sno-1313	Q0	vclaim-sno-simple-math-on-biden-votes	1	48.521888799548655	SimBa
tweet-sno-1313	Q0	vclaim-sno-real-clear-politics-biden	1	48.32387569697594	SimBa
tweet-sno-1313	Q0	vclaim-sno-popular-vote-totals-rigged	1	47.11863452759992	SimBa
tweet-sno-1314	Q0	vclaim-sno-dominion-servers-germany-seized	1	52.30558934457633	SimBa
tweet-sno-1314	Q0	vclaim-sno-facebook-analytics-electoral-map-shows-trump-sweep	1	44.631746381258985	SimBa
tweet-sno-1314	Q0	vclaim-sno-trump-biden-vote-dumps	1	44.25706238361562	SimBa
tweet-sno-1314	Q0	vclaim-sno-popular-vote-totals-rigged	1	43.456900696963125	SimBa
tweet-sno-1314	Q0	vclaim-sno-trump-clinton-counties-won	1	43.263282547610316	SimBa
tweet-sno-1315	Q0	vclaim-sno-dominion-servers-germany-seized	1	51.006919880374795	SimBa
tweet-sno-1315	Q0	vclaim-sno-facebook-analytics-electoral-map-shows-trump-sweep	1	41.57110013289113	SimBa
tweet-sno-1315	Q0	vclaim-sno-was-parler-hacked	1	40.815170243907765	SimBa
tweet-sno-1315	Q0	vclaim-sno-wisconsin-vote-dump	1	39.58075666832906	SimBa
tweet-sno-1315	Q0	vclaim-sno-80-trump-ballots-burned	1	38.55290943357863	SimBa
tweet-sno-1316	Q0	vclaim-sno-cuomo-vaccine-bad-news-trump	1	59.34558966952861	SimBa
tweet-sno-1316	Q0	vclaim-sno-covid-vaccine-funded-by-trump	1	48.17656427850086	SimBa
tweet-sno-1316	Q0	vclaim-sno-did-pfizers-vp-blow-whistle-gardasil	1	46.91409728098818	SimBa
tweet-sno-1316	Q0	vclaim-sno-trump-governors-covid-19	1	44.796259560287055	SimBa
tweet-sno-1316	Q0	vclaim-sno-trump-promise-vaccine-election-day	1	44.41039390056028	SimBa
tweet-sno-1317	Q0	vclaim-sno-cornyn-votes-puerto-rico	1	65.90809601101422	SimBa
tweet-sno-1317	Q0	vclaim-sno-floyd-county-georgia-votes	1	43.82189559646259	SimBa
tweet-sno-1317	Q0	vclaim-sno-uncounted-california-ballots	1	42.02442348153577	SimBa
tweet-sno-1317	Q0	vclaim-sno-pennsylvania-205000-votes	1	40.73199211218949	SimBa
tweet-sno-1317	Q0	vclaim-sno-alabama-doug-jones-ballots	1	40.367132509154004	SimBa
tweet-sno-1318	Q0	vclaim-sno-floyd-county-georgia-votes	1	53.58884617435739	SimBa
tweet-sno-1318	Q0	vclaim-sno-georgia-signature-audit	1	47.263388048199374	SimBa
tweet-sno-1318	Q0	vclaim-sno-broward-county-fraud-voters-votes	1	46.153589375637935	SimBa
tweet-sno-1318	Q0	vclaim-sno-georgia-dekalb-reject-mail-ballots	1	46.11238778236124	SimBa
tweet-sno-1318	Q0	vclaim-sno-ballots-georgia-senate	1	45.948584931324035	SimBa
tweet-sno-1319	Q0	vclaim-sno-floyd-county-georgia-votes	1	63.466972771890134	SimBa
tweet-sno-1319	Q0	vclaim-sno-georgia-dekalb-reject-mail-ballots	1	50.511342755371416	SimBa
tweet-sno-1319	Q0	vclaim-sno-georgia-signature-audit	1	50.03279404969685	SimBa
tweet-sno-1319	Q0	vclaim-sno-trump-biden-vote-dumps	1	48.53462674099415	SimBa
tweet-sno-1319	Q0	vclaim-sno-wisconsin-vote-dump	1	48.49694839676984	SimBa
tweet-sno-1320	Q0	vclaim-sno-biden-trump-inauguration-crowd	1	48.17368927951793	SimBa
tweet-sno-1320	Q0	vclaim-sno-maga-trump-million-march	1	46.587561426580855	SimBa
tweet-sno-1320	Q0	vclaim-sno-pennsylvania-trump-rally	1	46.06595884548169	SimBa
tweet-sno-1320	Q0	vclaim-sno-trump-rally-crowd-66000	1	44.401619234464285	SimBa
tweet-sno-1320	Q0	vclaim-sno-mike-pence-conservatives-womens-march	1	43.547260496027285	SimBa
tweet-sno-1321	Q0	vclaim-sno-newsmax-biden-pence	1	52.71248301987444	SimBa
tweet-sno-1321	Q0	vclaim-sno-mike-pence-to-resign	1	46.78107613309958	SimBa
tweet-sno-1321	Q0	vclaim-sno-republican-senate-candidate-tells-melania-trump-to-sterilize-the-white-house	1	42.70544194693036	SimBa
tweet-sno-1321	Q0	vclaim-sno-gowdy-pence-2020	1	42.52254121786254	SimBa
tweet-sno-1321	Q0	vclaim-sno-trump-term-bio	1	42.254537352750894	SimBa
tweet-sno-1322	Q0	vclaim-sno-newsmax-biden-pence	1	60.22196171599554	SimBa
tweet-sno-1322	Q0	vclaim-sno-mike-pence-to-resign	1	46.03284924186274	SimBa
tweet-sno-1322	Q0	vclaim-sno-trump-considering-resignation	1	44.20130671499627	SimBa
tweet-sno-1322	Q0	vclaim-sno-rather-ends-retirement-donald-trump	1	43.59836276758763	SimBa
tweet-sno-1322	Q0	vclaim-sno-fake-donald-trump-drops-out	1	43.18951913765794	SimBa
tweet-sno-1323	Q0	vclaim-sno-newsmax-biden-pence	1	59.52855633919138	SimBa
tweet-sno-1323	Q0	vclaim-sno-mike-pence-to-resign	1	45.77607010970633	SimBa
tweet-sno-1323	Q0	vclaim-sno-mike-pence-blames-media-for-trump-controversies	1	45.04321502659002	SimBa
tweet-sno-1323	Q0	vclaim-sno-republican-senate-candidate-tells-melania-trump-to-sterilize-the-white-house	1	44.57966895244342	SimBa
tweet-sno-1323	Q0	vclaim-sno-rather-ends-retirement-donald-trump	1	44.536366198516276	SimBa
tweet-sno-1324	Q0	vclaim-sno-rnc-chairwoman-deleted-tweet	1	54.78936558545314	SimBa
tweet-sno-1324	Q0	vclaim-sno-fake-aoc-purge-tweet	1	49.74499284864496	SimBa
tweet-sno-1324	Q0	vclaim-sno-biden-faux-campaign-website	1	48.88804815034618	SimBa
tweet-sno-1324	Q0	vclaim-sno-joe-biden-beat-biden	1	46.10135807413473	SimBa
tweet-sno-1324	Q0	vclaim-sno-ivanka-trump-hunter-biden	1	45.656173446039155	SimBa
tweet-sno-1325	Q0	vclaim-sno-raising-canes-chicken-bankruptcy	1	51.11236399966751	SimBa
tweet-sno-1325	Q0	vclaim-sno-nordstrom-chapter-11-baio-boycott	1	40.68609023646009	SimBa
tweet-sno-1325	Q0	vclaim-sno-dunkin-donuts-bankruptcy-prank	1	39.97616586234628	SimBa
tweet-sno-1325	Q0	vclaim-sno-did-nfl-team-declare-bankruptcy-protests	1	39.50864837937608	SimBa
tweet-sno-1325	Q0	vclaim-sno-kohls-bankrupt-closing-818-stores	1	37.8879886208966	SimBa
tweet-sno-1326	Q0	vclaim-sno-raising-canes-chicken-bankruptcy	1	43.211556189483375	SimBa
tweet-sno-1326	Q0	vclaim-sno-nordstrom-chapter-11-baio-boycott	1	36.45490153687546	SimBa
tweet-sno-1326	Q0	vclaim-sno-did-nfl-team-declare-bankruptcy-protests	1	36.38907976409819	SimBa
tweet-sno-1326	Q0	vclaim-sno-taco-bell-closing-2020	1	36.08674698258092	SimBa
tweet-sno-1326	Q0	vclaim-sno-wendys-heartbreaking-announcement	1	35.76720826158869	SimBa
tweet-sno-1327	Q0	vclaim-sno-clint-eastwood-death-hoax	1	40.959367109828015	SimBa
tweet-sno-1327	Q0	vclaim-sno-chevy-chase-death-hoax	1	39.91808482106242	SimBa
tweet-sno-1327	Q0	vclaim-sno-tweet-predict-kobe-death	1	38.40733120378275	SimBa
tweet-sno-1327	Q0	vclaim-sno-chicago-code-blue-fb-meme	1	37.51058375807399	SimBa
tweet-sno-1327	Q0	vclaim-sno-fabian-suarez-wastehistime-murder	1	36.34123488751529	SimBa
tweet-sno-1328	Q0	vclaim-sno-xbox-playstation-ps5-congrats	1	54.945557913966205	SimBa
tweet-sno-1328	Q0	vclaim-sno-cyberpunk-2077-refunds	1	36.861996258199135	SimBa
tweet-sno-1328	Q0	vclaim-sno-amazon-holiday-shopping	1	35.15555167496882	SimBa
tweet-sno-1328	Q0	vclaim-sno-target-holiday-stores	1	34.26911582377422	SimBa
tweet-sno-1328	Q0	vclaim-sno-biden-maskless-birthday-video	1	34.12273424336595	SimBa
tweet-sno-1329	Q0	vclaim-sno-xbox-playstation-ps5-congrats	1	54.03190738517523	SimBa
tweet-sno-1329	Q0	vclaim-sno-cyberpunk-2077-refunds	1	39.95621762354639	SimBa
tweet-sno-1329	Q0	vclaim-sno-all-work-and-no-playstation	1	36.46576109988763	SimBa
tweet-sno-1329	Q0	vclaim-sno-amazon-holiday-shopping	1	36.375469941051364	SimBa
tweet-sno-1329	Q0	vclaim-sno-hillary-clintons-premature-celebration	1	34.37285194709541	SimBa
tweet-sno-1330	Q0	vclaim-sno-ice-twitter-account-disappear	1	51.41716868355191	SimBa
tweet-sno-1330	Q0	vclaim-sno-was-parler-hacked	1	40.369484409561764	SimBa
tweet-sno-1330	Q0	vclaim-sno-nps-twitter-account-shut-down	1	38.94643401788068	SimBa
tweet-sno-1330	Q0	vclaim-sno-twitter-biden-negative-news	1	38.829718984158454	SimBa
tweet-sno-1330	Q0	vclaim-sno-loser-com-trump-wikipedia-page	1	38.52484637514836	SimBa
tweet-sno-1331	Q0	vclaim-sno-ice-twitter-account-disappear	1	60.885383487586196	SimBa
tweet-sno-1331	Q0	vclaim-sno-ice-arrest-los-angeles-mayor	1	44.10912511257041	SimBa
tweet-sno-1331	Q0	vclaim-sno-ice-hurl-pregnant-woman-border-wall	1	43.021909388366595	SimBa
tweet-sno-1331	Q0	vclaim-sno-new-york-ice-agent-suicide-note	1	42.61187941858385	SimBa
tweet-sno-1331	Q0	vclaim-sno-is-ice-transporting-children-trains	1	41.24688558168375	SimBa
tweet-sno-1332	Q0	vclaim-sno-veterans-national-parks-lifetime	1	61.69216448879966	SimBa
tweet-sno-1332	Q0	vclaim-sno-free-meals-for-veterans	1	45.77666642659154	SimBa
tweet-sno-1332	Q0	vclaim-sno-trump-veterans-day-56-years	1	41.764039792948395	SimBa
tweet-sno-1332	Q0	vclaim-sno-trump-veterans-free-health-care	1	41.7525307376438	SimBa
tweet-sno-1332	Q0	vclaim-sno-obama-in-cemetery-on-veterans-day	1	41.32681121212897	SimBa
tweet-sno-1333	Q0	vclaim-sno-covid-vaccine-funded-by-trump	1	51.61922614040438	SimBa
tweet-sno-1333	Q0	vclaim-sno-cuomo-vaccine-bad-news-trump	1	48.72324135270152	SimBa
tweet-sno-1333	Q0	vclaim-sno-pence-trump-coronavirus-test	1	47.807049327965785	SimBa
tweet-sno-1333	Q0	vclaim-sno-trump-promise-vaccine-election-day	1	46.221747725348045	SimBa
tweet-sno-1333	Q0	vclaim-sno-pence-conversation-coronavirus	1	46.1307533362392	SimBa
tweet-sno-1334	Q0	vclaim-sno-covid-vaccine-funded-by-trump	1	52.71410718242065	SimBa
tweet-sno-1334	Q0	vclaim-sno-cuomo-vaccine-bad-news-trump	1	46.08653710088046	SimBa
tweet-sno-1334	Q0	vclaim-sno-covid-good-news-list-accurate	1	44.30839806676942	SimBa
tweet-sno-1334	Q0	vclaim-sno-fauci-trump-handling-covid	1	43.6446921742832	SimBa
tweet-sno-1334	Q0	vclaim-sno-trump-tulsa-rally-covid19-test	1	42.646112626160914	SimBa
tweet-sno-1335	Q0	vclaim-sno-biden-hat-trump-maga	1	54.886187252522205	SimBa
tweet-sno-1335	Q0	vclaim-sno-biden-fail-condemn-antifa	1	45.069263944803765	SimBa
tweet-sno-1335	Q0	vclaim-sno-27-republicans-endorse-biden	1	44.594817559347376	SimBa
tweet-sno-1335	Q0	vclaim-sno-jill-biden-lunging-protect-joe	1	44.29674965006153	SimBa
tweet-sno-1335	Q0	vclaim-sno-harlan-hill-eat-shoe-biden-won	1	43.724865351719664	SimBa
tweet-sno-1336	Q0	vclaim-sno-biden-major-dog-rescue-white-house	1	67.50913964307854	SimBa
tweet-sno-1336	Q0	vclaim-sno-biden-dog-major-indoguration	1	55.63743354363543	SimBa
tweet-sno-1336	Q0	vclaim-sno-biden-team-statement-dog	1	55.23043553343838	SimBa
tweet-sno-1336	Q0	vclaim-sno-biden-dogs-kicked-out-white-house	1	50.29687822865843	SimBa
tweet-sno-1336	Q0	vclaim-sno-joe-biden-dog-big	1	45.551385896070755	SimBa
tweet-sno-1337	Q0	vclaim-sno-golfing-trump-election-results	1	52.41051124937766	SimBa
tweet-sno-1337	Q0	vclaim-sno-trump-golf-rallies-coronavirus	1	48.95415202836412	SimBa
tweet-sno-1337	Q0	vclaim-sno-donald-trump-golf-course	1	48.88487273944468	SimBa
tweet-sno-1337	Q0	vclaim-sno-pence-trump-coronavirus-test	1	45.93189107441722	SimBa
tweet-sno-1337	Q0	vclaim-sno-trump-obama-golf	1	45.51221308444928	SimBa
tweet-sno-1338	Q0	vclaim-sno-bannon-fauci-wray-head-pikes	1	57.65943267268103	SimBa
tweet-sno-1338	Q0	vclaim-sno-fbi-director-james-comeys-trump-sign	1	43.97116442918738	SimBa
tweet-sno-1338	Q0	vclaim-sno-clyburn-articles-impeachment	1	42.57639204052808	SimBa
tweet-sno-1338	Q0	vclaim-sno-isis-called-for-assassination-of-barron-trump	1	41.99511393839535	SimBa
tweet-sno-1338	Q0	vclaim-sno-trumps-first-order-flag-burning	1	41.72898061117818	SimBa
tweet-sno-1339	Q0	vclaim-sno-gray-wolves-endangered-trump	1	56.573671742795824	SimBa
tweet-sno-1339	Q0	vclaim-sno-trump-whales-sea-turtles	1	46.57298810864617	SimBa
tweet-sno-1339	Q0	vclaim-sno-trump-hunting-bald-eagles	1	41.3681294388471	SimBa
tweet-sno-1339	Q0	vclaim-sno-obama-gives-kill-order-for-bald-eagles	1	40.495337514000774	SimBa
tweet-sno-1339	Q0	vclaim-sno-trump-animal-cruelty	1	40.11239117212268	SimBa
tweet-sno-1340	Q0	vclaim-sno-pa-worker-filling-ballots	1	56.7541094398196	SimBa
tweet-sno-1340	Q0	vclaim-sno-erie-pennsylvania-trump-ballots	1	46.73097251841802	SimBa
tweet-sno-1340	Q0	vclaim-sno-broward-county-blank-ballots	1	45.381569347090945	SimBa
tweet-sno-1340	Q0	vclaim-sno-ga-senator-counting-pa	1	44.8888117404864	SimBa
tweet-sno-1340	Q0	vclaim-sno-ballots-lancaster-pa	1	44.392120606923534	SimBa
tweet-sno-1341	Q0	vclaim-sno-stop-the-count-chant	1	61.200708179672574	SimBa
tweet-sno-1341	Q0	vclaim-sno-popular-vote-totals-rigged	1	47.114071158128624	SimBa
tweet-sno-1341	Q0	vclaim-sno-teamkraken-georgia-injunction	1	46.29753921859576	SimBa
tweet-sno-1341	Q0	vclaim-sno-trump-biden-vote-dumps	1	46.039926609594346	SimBa
tweet-sno-1341	Q0	vclaim-sno-trump-rally-chant	1	45.435099736952026	SimBa
tweet-sno-1342	Q0	vclaim-sno-trump-recount-battleground-states	1	63.75760271992496	SimBa
tweet-sno-1342	Q0	vclaim-sno-trump-vote-twice-north-carolina	1	45.54370043622766	SimBa
tweet-sno-1342	Q0	vclaim-sno-obama-signs-executive-order-declaring-investigation-into-election-results	1	45.523902528823605	SimBa
tweet-sno-1342	Q0	vclaim-sno-trump-described-the-electoral-college-as-a-disaster	1	45.463845839945435	SimBa
tweet-sno-1342	Q0	vclaim-sno-trump-biden-vote-dumps	1	45.35990680013997	SimBa
tweet-sno-1343	Q0	vclaim-sno-millions-mail-in-ballots	1	47.422893066334794	SimBa
tweet-sno-1343	Q0	vclaim-sno-sharpie-trump-ballots-arizona	1	47.22231230404835	SimBa
tweet-sno-1343	Q0	vclaim-sno-california-unlawful-ballots	1	46.49348528764358	SimBa
tweet-sno-1343	Q0	vclaim-sno-postal-worker-caught-destroying-absentee-trump-ballots-in-major-swing-state	1	45.58234430068923	SimBa
tweet-sno-1343	Q0	vclaim-sno-ca-gop-ballot-drop-boxes	1	45.298106509356316	SimBa
tweet-sno-1344	Q0	vclaim-sno-sharpie-trump-ballots-arizona	1	56.55331307341828	SimBa
tweet-sno-1344	Q0	vclaim-sno-postal-worker-caught-destroying-absentee-trump-ballots-in-major-swing-state	1	45.10857750576714	SimBa
tweet-sno-1344	Q0	vclaim-sno-georgia-signature-audit	1	45.02574165036429	SimBa
tweet-sno-1344	Q0	vclaim-sno-pennsylvania-judge-legal-win-trump	1	44.81896159651233	SimBa
tweet-sno-1344	Q0	vclaim-sno-20000-dead-voters-in-pennsylvania	1	44.36221826808017	SimBa
tweet-sno-1345	Q0	vclaim-sno-sharpie-trump-ballots-arizona	1	51.90282412212284	SimBa
tweet-sno-1345	Q0	vclaim-sno-wisconsin-vote-dump	1	50.835480487887274	SimBa
tweet-sno-1345	Q0	vclaim-sno-biden-fraud-ballots-count	1	49.48877170943225	SimBa
tweet-sno-1345	Q0	vclaim-sno-trump-biden-vote-dumps	1	47.77514634229378	SimBa
tweet-sno-1345	Q0	vclaim-sno-rumor-alert-biden-michigan-votes	1	46.64290803003374	SimBa
tweet-sno-1346	Q0	vclaim-sno-saved-whale-says-thanks	1	41.41160325155672	SimBa
tweet-sno-1346	Q0	vclaim-sno-killer-whale	1	40.66079465523363	SimBa
tweet-sno-1346	Q0	vclaim-sno-fisherman-survived-inside-whale-for-three-days	1	40.35846338148441	SimBa
tweet-sno-1346	Q0	vclaim-sno-big-gulp	1	40.31799232221138	SimBa
tweet-sno-1346	Q0	vclaim-sno-whale-mackinac-great-lakes	1	39.76333820397126	SimBa
tweet-sno-1347	Q0	vclaim-sno-big-gulp	1	46.68843307403234	SimBa
tweet-sno-1347	Q0	vclaim-sno-humpback-whale-eat-kayaker	1	45.35046961798286	SimBa
tweet-sno-1347	Q0	vclaim-sno-killer-whale	1	44.54069379398357	SimBa
tweet-sno-1347	Q0	vclaim-sno-photograph-kayak-orcas	1	43.629831676660885	SimBa
tweet-sno-1347	Q0	vclaim-sno-whales-feeding-boat-photo	1	42.81162046912475	SimBa
tweet-sno-1348	Q0	vclaim-sno-biden-black-athletes-green-mile	1	50.10706220753263	SimBa
tweet-sno-1348	Q0	vclaim-sno-biden-racial-jungle-quote	1	42.415094484666284	SimBa
tweet-sno-1348	Q0	vclaim-sno-joe-biden-no-empathy	1	41.448573837806975	SimBa
tweet-sno-1348	Q0	vclaim-sno-joe-biden-put-yall-back-in-chains	1	40.51904229390927	SimBa
tweet-sno-1348	Q0	vclaim-sno-bidens-golfing-burisma-head	1	40.17329250920266	SimBa
tweet-sno-1349	Q0	vclaim-sno-kamala-harris-pearls-election-day	1	46.61984786232583	SimBa
tweet-sno-1349	Q0	vclaim-sno-coat-hangers-ready	1	40.37283399184822	SimBa
tweet-sno-1349	Q0	vclaim-sno-bells-in-paris-biden	1	37.534252150956114	SimBa
tweet-sno-1349	Q0	vclaim-sno-pelosi-civilization-as-we-know-it	1	37.47446412559502	SimBa
tweet-sno-1349	Q0	vclaim-sno-27-republicans-endorse-biden	1	37.16616998677323	SimBa
tweet-sno-1350	Q0	vclaim-sno-amish-trump-presidential-victory	1	48.61307548731569	SimBa
tweet-sno-1350	Q0	vclaim-sno-amish-buggies-trump	1	45.53707416579205	SimBa
tweet-sno-1350	Q0	vclaim-sno-trump-tulsa-rally-crowd	1	39.86627221763202	SimBa
tweet-sno-1350	Q0	vclaim-sno-pennsylvania-trump-rally	1	39.8016361189859	SimBa
tweet-sno-1350	Q0	vclaim-sno-make-america-white-again-trump	1	39.63288289100646	SimBa
tweet-sno-1351	Q0	vclaim-sno-omar-minnesota-register-vote	1	49.344252815775285	SimBa
tweet-sno-1351	Q0	vclaim-sno-wisconsin-more-votes-than-voters	1	40.526409204373586	SimBa
tweet-sno-1351	Q0	vclaim-sno-pence-op-ed-hr1-immigrants	1	38.76878765576874	SimBa
tweet-sno-1351	Q0	vclaim-sno-vote-after-polls-closed-2020	1	37.86993656559555	SimBa
tweet-sno-1351	Q0	vclaim-sno-300000-wisconsin-voters-turned-away-due-to-voter-id-laws	1	37.19488405515635	SimBa
tweet-sno-1352	Q0	vclaim-sno-hunter-biden-flipped-fbi	1	47.048027520889676	SimBa
tweet-sno-1352	Q0	vclaim-sno-bidens-win-lie-of-the-year	1	45.65002097243864	SimBa
tweet-sno-1352	Q0	vclaim-sno-bidens-golfing-burisma-head	1	45.58382425209504	SimBa
tweet-sno-1352	Q0	vclaim-sno-bar-owner-biden-ad	1	45.45017545031151	SimBa
tweet-sno-1352	Q0	vclaim-sno-biden-faux-campaign-website	1	45.13364756153516	SimBa
tweet-sno-1353	Q0	vclaim-sno-hunter-biden-flipped-fbi	1	54.23001526527732	SimBa
tweet-sno-1353	Q0	vclaim-sno-hunter-biden-dead-overdose-hoax	1	47.12207696004902	SimBa
tweet-sno-1353	Q0	vclaim-sno-fbi-agents-hunter-biden	1	43.52592223773706	SimBa
tweet-sno-1353	Q0	vclaim-sno-hunter-biden-discharge	1	42.246068957842326	SimBa
tweet-sno-1353	Q0	vclaim-sno-star-witnesses-vs-biden-dead	1	41.87667169456201	SimBa
tweet-sno-1354	Q0	vclaim-sno-hunter-biden-flipped-fbi	1	48.96972849294663	SimBa
tweet-sno-1354	Q0	vclaim-sno-hunter-biden-dead-overdose-hoax	1	48.899296290578754	SimBa
tweet-sno-1354	Q0	vclaim-sno-bidens-golfing-burisma-head	1	43.336081032028254	SimBa
tweet-sno-1354	Q0	vclaim-sno-biden-faux-campaign-website	1	42.57838523924651	SimBa
tweet-sno-1354	Q0	vclaim-sno-ivanka-trump-hunter-biden	1	42.126845617033915	SimBa
tweet-sno-1355	Q0	vclaim-sno-hunter-biden-flipped-fbi	1	37.046030732706726	SimBa
tweet-sno-1355	Q0	vclaim-sno-covid-19-bat-quarters	1	36.56570507572278	SimBa
tweet-sno-1355	Q0	vclaim-sno-bidens-golfing-burisma-head	1	35.88132112345964	SimBa
tweet-sno-1355	Q0	vclaim-sno-republican-dean-browning-gay	1	34.537246611611195	SimBa
tweet-sno-1355	Q0	vclaim-sno-jamie-allman-david-hogg-poker	1	33.63132567256313	SimBa
tweet-sno-1356	Q0	vclaim-sno-biden-admit-voter-fraud	1	43.21754030477126	SimBa
tweet-sno-1356	Q0	vclaim-sno-hunter-biden-dead-overdose-hoax	1	42.77909711435815	SimBa
tweet-sno-1356	Q0	vclaim-sno-hunter-biden-flipped-fbi	1	42.70812847939651	SimBa
tweet-sno-1356	Q0	vclaim-sno-joe-biden-endorsement	1	41.2530309869515	SimBa
tweet-sno-1356	Q0	vclaim-sno-biden-faux-campaign-website	1	41.131551128160396	SimBa
tweet-sno-1357	Q0	vclaim-sno-armed-trump-fans-biden-bus	1	54.171260374444344	SimBa
tweet-sno-1357	Q0	vclaim-sno-fbi-trump-biden-bus	1	48.981134529318965	SimBa
tweet-sno-1357	Q0	vclaim-sno-trump-rally-omaha	1	45.132391168748676	SimBa
tweet-sno-1357	Q0	vclaim-sno-militia-bidens-inauguration	1	43.70337763879022	SimBa
tweet-sno-1357	Q0	vclaim-sno-trump-rally-chant	1	43.49391010985352	SimBa
tweet-sno-1358	Q0	vclaim-sno-fbi-trump-biden-bus	1	53.899899629231385	SimBa
tweet-sno-1358	Q0	vclaim-sno-armed-trump-fans-biden-bus	1	48.106271751107904	SimBa
tweet-sno-1358	Q0	vclaim-sno-anti-trump-protesters-bused-into-austin	1	46.48762315910142	SimBa
tweet-sno-1358	Q0	vclaim-sno-bus-crash-super-tuesday	1	42.50281494785973	SimBa
tweet-sno-1358	Q0	vclaim-sno-trump-2020-flags-china	1	41.55388028153683	SimBa
tweet-sno-1359	Q0	vclaim-sno-fbi-trump-biden-bus	1	51.09424701335553	SimBa
tweet-sno-1359	Q0	vclaim-sno-armed-trump-fans-biden-bus	1	50.6924720242097	SimBa
tweet-sno-1359	Q0	vclaim-sno-run-over-trump-protesters	1	49.193960013075085	SimBa
tweet-sno-1359	Q0	vclaim-sno-antifa-flyer-trump-supporters	1	45.34406447632951	SimBa
tweet-sno-1359	Q0	vclaim-sno-anti-trump-protesters-bused-into-austin	1	43.7103145288451	SimBa
tweet-sno-1360	Q0	vclaim-sno-fbi-trump-biden-bus	1	54.10512214944631	SimBa
tweet-sno-1360	Q0	vclaim-sno-armed-trump-fans-biden-bus	1	47.836257674418775	SimBa
tweet-sno-1360	Q0	vclaim-sno-anti-trump-protesters-bused-into-austin	1	42.87112317373435	SimBa
tweet-sno-1360	Q0	vclaim-sno-bus-crash-super-tuesday	1	42.80700647854188	SimBa
tweet-sno-1360	Q0	vclaim-sno-trump-train-stuck-under-bridge	1	41.33542584682673	SimBa
tweet-sno-1361	Q0	vclaim-sno-left-wing-mob-violence	1	43.559413500301616	SimBa
tweet-sno-1361	Q0	vclaim-sno-biden-staffers-bailout-fund	1	43.33850776121344	SimBa
tweet-sno-1361	Q0	vclaim-sno-fbi-trump-biden-bus	1	43.32625126428931	SimBa
tweet-sno-1361	Q0	vclaim-sno-armed-trump-fans-biden-bus	1	43.137490491127146	SimBa
tweet-sno-1361	Q0	vclaim-sno-tomi-lahren-biden-supporters-loot	1	41.72725328678488	SimBa
tweet-sno-1362	Q0	vclaim-sno-sean-connery-trump-golf-course	1	49.83276356901285	SimBa
tweet-sno-1362	Q0	vclaim-sno-sean-connery-net-worth	1	42.03768047785213	SimBa
tweet-sno-1362	Q0	vclaim-sno-sean-penn-moves-to-venezuela	1	40.865709076504245	SimBa
tweet-sno-1362	Q0	vclaim-sno-celebrity-death-hoax-trump	1	40.32496942944621	SimBa
tweet-sno-1362	Q0	vclaim-sno-kurt-russell-trump-relentless	1	39.7957087702949	SimBa
tweet-sno-1363	Q0	vclaim-sno-taco-bell-mexican-pizza	1	46.919887536550654	SimBa
tweet-sno-1363	Q0	vclaim-sno-subway-pizza-hut-closing	1	44.427672965256555	SimBa
tweet-sno-1363	Q0	vclaim-sno-taco-bell-closing-2020	1	43.5243113936813	SimBa
tweet-sno-1363	Q0	vclaim-sno-taco-bell-closing	1	42.06231402881611	SimBa
tweet-sno-1363	Q0	vclaim-sno-mush-vroom-pizza	1	40.93663349737107	SimBa
tweet-sno-1364	Q0	vclaim-sno-taco-bell-mexican-pizza	1	45.04955340681028	SimBa
tweet-sno-1364	Q0	vclaim-sno-taco-bell-closing-2020	1	41.318039729491886	SimBa
tweet-sno-1364	Q0	vclaim-sno-taco-cabana-sign-donald-trump-prank	1	41.00377343103552	SimBa
tweet-sno-1364	Q0	vclaim-sno-burger-king-customers-manager	1	40.62925077514555	SimBa
tweet-sno-1364	Q0	vclaim-sno-patriot-picnic-at-chicano-park	1	39.60999465091527	SimBa
tweet-sno-1365	Q0	vclaim-sno-taco-bell-mexican-pizza	1	46.69234602727037	SimBa
tweet-sno-1365	Q0	vclaim-sno-subway-pizza-hut-closing	1	44.639690247358416	SimBa
tweet-sno-1365	Q0	vclaim-sno-taco-bell-closing-2020	1	43.735122358560744	SimBa
tweet-sno-1365	Q0	vclaim-sno-meat-your-maker	1	40.45243969293992	SimBa
tweet-sno-1365	Q0	vclaim-sno-taco-bell-menu-change	1	40.447278418154795	SimBa
tweet-sno-1366	Q0	vclaim-sno-taco-bell-closing-2020	1	45.85180207498422	SimBa
tweet-sno-1366	Q0	vclaim-sno-mcpizza	1	43.780093972763765	SimBa
tweet-sno-1366	Q0	vclaim-sno-taco-bell-mexican-pizza	1	43.43879547137253	SimBa
tweet-sno-1366	Q0	vclaim-sno-subway-pizza-hut-closing	1	41.67221878702368	SimBa
tweet-sno-1366	Q0	vclaim-sno-taco-bell-menu-change	1	40.92215838030749	SimBa
tweet-sno-1367	Q0	vclaim-sno-taco-bell-mexican-pizza	1	46.59392135665226	SimBa
tweet-sno-1367	Q0	vclaim-sno-taco-bell-closing-2020	1	44.128161988595764	SimBa
tweet-sno-1367	Q0	vclaim-sno-subway-pizza-hut-closing	1	43.81270595837834	SimBa
tweet-sno-1367	Q0	vclaim-sno-taco-bell-menu-change	1	40.376573727723304	SimBa
tweet-sno-1367	Q0	vclaim-sno-tgi-fridays-deal	1	39.914695171001085	SimBa
tweet-sno-1368	Q0	vclaim-sno-cheesecake-factory-closing-rumor	1	43.4785782402268	SimBa
tweet-sno-1368	Q0	vclaim-sno-subway-pizza-hut-closing	1	42.63314962982672	SimBa
tweet-sno-1368	Q0	vclaim-sno-whataburger-closing-its-doors	1	40.762423034599266	SimBa
tweet-sno-1368	Q0	vclaim-sno-mush-vroom-pizza	1	39.67925290410928	SimBa
tweet-sno-1368	Q0	vclaim-sno-taco-bell-closing-2020	1	39.19284043460088	SimBa
tweet-sno-1369	Q0	vclaim-sno-cheesecake-factory-closing-rumor	1	47.16827577477462	SimBa
tweet-sno-1369	Q0	vclaim-sno-subway-pizza-hut-closing	1	44.10165349871192	SimBa
tweet-sno-1369	Q0	vclaim-sno-taco-bell-closing-2020	1	41.280464831848	SimBa
tweet-sno-1369	Q0	vclaim-sno-wendys-heartbreaking-announcement	1	40.44841482439082	SimBa
tweet-sno-1369	Q0	vclaim-sno-taco-bell-closing	1	40.362163456415516	SimBa
tweet-sno-1370	Q0	vclaim-sno-cheesecake-factory-closing-rumor	1	47.96179670637775	SimBa
tweet-sno-1370	Q0	vclaim-sno-subway-pizza-hut-closing	1	41.97522518089431	SimBa
tweet-sno-1370	Q0	vclaim-sno-red-lobster-closing	1	41.191561091339864	SimBa
tweet-sno-1370	Q0	vclaim-sno-taco-bell-closing-2020	1	40.986146275721076	SimBa
tweet-sno-1370	Q0	vclaim-sno-car-czar	1	40.24158409414501	SimBa
tweet-sno-1371	Q0	vclaim-sno-cheesecake-factory-closing-rumor	1	57.00376209751829	SimBa
tweet-sno-1371	Q0	vclaim-sno-subway-pizza-hut-closing	1	45.08626096849639	SimBa
tweet-sno-1371	Q0	vclaim-sno-whataburger-closing-its-doors	1	42.37613699930426	SimBa
tweet-sno-1371	Q0	vclaim-sno-red-lobster-closing	1	40.214896748410524	SimBa
tweet-sno-1371	Q0	vclaim-sno-olive-garden-closing	1	40.12771546235542	SimBa
tweet-sno-1372	Q0	vclaim-sno-cheesecake-factory-closing-rumor	1	54.786755155306096	SimBa
tweet-sno-1372	Q0	vclaim-sno-subway-pizza-hut-closing	1	45.85861667677829	SimBa
tweet-sno-1372	Q0	vclaim-sno-whataburger-closing-its-doors	1	43.722680797153885	SimBa
tweet-sno-1372	Q0	vclaim-sno-red-lobster-closing	1	42.79140834203366	SimBa
tweet-sno-1372	Q0	vclaim-sno-taco-bell-closing	1	42.63894707846868	SimBa
tweet-sno-1373	Q0	vclaim-sno-cheesecake-factory-closing-rumor	1	49.06365060136741	SimBa
tweet-sno-1373	Q0	vclaim-sno-subway-pizza-hut-closing	1	42.88792110403041	SimBa
tweet-sno-1373	Q0	vclaim-sno-whataburger-closing-its-doors	1	42.77801734310289	SimBa
tweet-sno-1373	Q0	vclaim-sno-taco-bell-closing	1	41.17423345240678	SimBa
tweet-sno-1373	Q0	vclaim-sno-taco-bell-closing-2020	1	40.483655501303744	SimBa
tweet-sno-1374	Q0	vclaim-sno-cheesecake-factory-closing-rumor	1	64.3680644426399	SimBa
tweet-sno-1374	Q0	vclaim-sno-subway-pizza-hut-closing	1	46.87197354075271	SimBa
tweet-sno-1374	Q0	vclaim-sno-whataburger-closing-its-doors	1	44.46758950663108	SimBa
tweet-sno-1374	Q0	vclaim-sno-red-lobster-closing	1	43.654046633908386	SimBa
tweet-sno-1374	Q0	vclaim-sno-taco-bell-closing	1	43.26829172025392	SimBa
tweet-sno-1375	Q0	vclaim-sno-cheesecake-factory-closing-rumor	1	57.77229912834599	SimBa
tweet-sno-1375	Q0	vclaim-sno-subway-pizza-hut-closing	1	43.75660013921759	SimBa
tweet-sno-1375	Q0	vclaim-sno-cheesecake-factory-gift-card	1	41.96785145448103	SimBa
tweet-sno-1375	Q0	vclaim-sno-whataburger-closing-its-doors	1	41.12071457216861	SimBa
tweet-sno-1375	Q0	vclaim-sno-taco-bell-closing	1	39.756487868125554	SimBa
tweet-sno-1376	Q0	vclaim-sno-girl-scouts-congratulate-barrett	1	48.723020590824504	SimBa
tweet-sno-1376	Q0	vclaim-sno-pelosi-tweet-chinatown-tourism	1	44.874420069347245	SimBa
tweet-sno-1376	Q0	vclaim-sno-amy-coney-barrett	1	43.83801351123175	SimBa
tweet-sno-1376	Q0	vclaim-sno-betsy-devos-america-tweet	1	42.93859678711679	SimBa
tweet-sno-1376	Q0	vclaim-sno-joy-behar-trump-tower-fire	1	42.84795609856564	SimBa
tweet-sno-1377	Q0	vclaim-sno-aoc-gop-sad-stupid-vanity-fair	1	52.32266029855535	SimBa
tweet-sno-1377	Q0	vclaim-sno-alexandria-ocasio-cortez-ensemble	1	42.415650261610736	SimBa
tweet-sno-1377	Q0	vclaim-sno-melania-trump-wore-pussy-bow	1	39.42164904061489	SimBa
tweet-sno-1377	Q0	vclaim-sno-whoopi-goldberg-wears-violent-trump-shirt	1	38.80558473233983	SimBa
tweet-sno-1377	Q0	vclaim-sno-did-controversial-jacket-pro-fascism-message	1	38.464843575778985	SimBa
tweet-sno-1378	Q0	vclaim-sno-trump-biden-assassination-shot	1	52.55097529170825	SimBa
tweet-sno-1378	Q0	vclaim-sno-isis-called-for-assassination-of-barron-trump	1	45.586833315978424	SimBa
tweet-sno-1378	Q0	vclaim-sno-trump-lincoln-dishonest	1	44.159268801945636	SimBa
tweet-sno-1378	Q0	vclaim-sno-listen-to-scientists	1	43.078765898288594	SimBa
tweet-sno-1378	Q0	vclaim-sno-donald-trump-threatens-arrest-alec-baldwin	1	41.75761849921183	SimBa
tweet-sno-1379	Q0	vclaim-sno-biden-admit-voter-fraud	1	53.50111606621326	SimBa
tweet-sno-1379	Q0	vclaim-sno-trump-biden-vote-dumps	1	49.36112850668445	SimBa
tweet-sno-1379	Q0	vclaim-sno-wisconsin-vote-dump	1	49.15338681720825	SimBa
tweet-sno-1379	Q0	vclaim-sno-huckabee-letter-biden-fraud	1	48.50955318890808	SimBa
tweet-sno-1379	Q0	vclaim-sno-gallup-poll-electoral-fraud	1	47.39572203136601	SimBa
tweet-sno-1380	Q0	vclaim-sno-biden-tweet-pandemic	1	49.24632205708939	SimBa
tweet-sno-1380	Q0	vclaim-sno-obama-pandemic-preparedness-2014	1	47.85491036445968	SimBa
tweet-sno-1380	Q0	vclaim-sno-trump-tweet-obama-8-years	1	46.46658301083275	SimBa
tweet-sno-1380	Q0	vclaim-sno-obama-pandemic-playbook	1	46.2684068161039	SimBa
tweet-sno-1380	Q0	vclaim-sno-2009-trump-tweet-pandemic	1	45.29405599498127	SimBa
tweet-sno-1381	Q0	vclaim-sno-merriam-webster-barrett-sexual	1	50.82486610490116	SimBa
tweet-sno-1381	Q0	vclaim-sno-merriam-webster-definition-racism	1	43.213147256144254	SimBa
tweet-sno-1381	Q0	vclaim-sno-fascism-corporations-corporatism-dictionary	1	40.76340398650548	SimBa
tweet-sno-1381	Q0	vclaim-sno-tedx-pedophilia-sexual-orientation	1	39.481829518495125	SimBa
tweet-sno-1381	Q0	vclaim-sno-white-house-web-site-trump-changes	1	39.03977940628736	SimBa
tweet-sno-1382	Q0	vclaim-sno-joe-biden-put-yall-back-in-chains	1	45.260592514170156	SimBa
tweet-sno-1382	Q0	vclaim-sno-27-republicans-endorse-biden	1	44.549150631037136	SimBa
tweet-sno-1382	Q0	vclaim-sno-donald-trump-called-president-obama-a-lying-nr	1	43.993448889328135	SimBa
tweet-sno-1382	Q0	vclaim-sno-black-americans-super-predators	1	43.80846718917783	SimBa
tweet-sno-1382	Q0	vclaim-sno-biden-racial-jungle-quote	1	42.997513861190654	SimBa
tweet-sno-1383	Q0	vclaim-sno-mitch-mcconnells-hands	1	52.329060360725194	SimBa
tweet-sno-1383	Q0	vclaim-sno-mcconnell-voting-photobomb	1	43.5579816648762	SimBa
tweet-sno-1383	Q0	vclaim-sno-supreme-court-flip-flop	1	41.56679527215747	SimBa
tweet-sno-1383	Q0	vclaim-sno-cocaine-mitch	1	41.5587488002071	SimBa
tweet-sno-1383	Q0	vclaim-sno-mitch-mcconnell-blow-off-trump-haircut	1	39.90828648195529	SimBa
tweet-sno-1384	Q0	vclaim-sno-nurse-gop-convention-shooting	1	50.32285970445773	SimBa
tweet-sno-1384	Q0	vclaim-sno-police-arrest-jesus-campos	1	41.03472129530587	SimBa
tweet-sno-1384	Q0	vclaim-sno-fake-nurses	1	39.98345973306624	SimBa
tweet-sno-1384	Q0	vclaim-sno-harris-protesters-bail	1	39.536080597745496	SimBa
tweet-sno-1384	Q0	vclaim-sno-amy-schumer-arrested	1	39.257095220216584	SimBa
tweet-sno-1385	Q0	vclaim-sno-jane-fonda-covid-gods-gift	1	63.887777310295256	SimBa
tweet-sno-1385	Q0	vclaim-sno-biden-pandemic-statement	1	44.748125804344454	SimBa
tweet-sno-1385	Q0	vclaim-sno-rush-limbaugh-covid-common-cold	1	44.421469109249344	SimBa
tweet-sno-1385	Q0	vclaim-sno-biden-tweet-pandemic	1	43.899459739853164	SimBa
tweet-sno-1385	Q0	vclaim-sno-harris-biden-blog-post	1	43.65787207136157	SimBa
tweet-sno-1386	Q0	vclaim-sno-biden-ban-fracking	1	48.8027421247978	SimBa
tweet-sno-1386	Q0	vclaim-sno-biden-faux-campaign-website	1	44.89638856892708	SimBa
tweet-sno-1386	Q0	vclaim-sno-harris-believe-biden-accusers	1	44.59180519797809	SimBa
tweet-sno-1386	Q0	vclaim-sno-does-biden-support-green-new-deal	1	43.2025804157135	SimBa
tweet-sno-1386	Q0	vclaim-sno-harris-defund-police-tweet	1	43.0068757322268	SimBa
tweet-sno-1387	Q0	vclaim-sno-kennedy-nixon-virtual-debate-1960	1	46.037719506997384	SimBa
tweet-sno-1387	Q0	vclaim-sno-the-wire	1	41.31573598149957	SimBa
tweet-sno-1387	Q0	vclaim-sno-nancy-pelosi-with-jfk	1	39.483553820575125	SimBa
tweet-sno-1387	Q0	vclaim-sno-dershowitz-nixon-gang-dc	1	39.24154380146995	SimBa
tweet-sno-1387	Q0	vclaim-sno-trump-anti-gay-shunned	1	38.90006338651693	SimBa
tweet-sno-1388	Q0	vclaim-sno-karen-pence-mask-debate	1	51.29228148658691	SimBa
tweet-sno-1388	Q0	vclaim-sno-jayapal-maskless-congress	1	42.22957527548183	SimBa
tweet-sno-1388	Q0	vclaim-sno-whitmer-mask-photo	1	41.4908984487106	SimBa
tweet-sno-1388	Q0	vclaim-sno-biden-violate-mask-mandate	1	40.310809387101784	SimBa
tweet-sno-1388	Q0	vclaim-sno-rnc-masks-social-distancing	1	39.9376146498018	SimBa
tweet-sno-1389	Q0	vclaim-sno-trump-sign-hollywood-los-angeles	1	55.06637307275596	SimBa
tweet-sno-1389	Q0	vclaim-sno-god-bows-down-trump-sign	1	43.09736039566067	SimBa
tweet-sno-1389	Q0	vclaim-sno-hollywood-sign-altered-hollyweed	1	42.00089391067622	SimBa
tweet-sno-1389	Q0	vclaim-sno-maryland-billboard-guns-trump-impeachment	1	41.9403121054637	SimBa
tweet-sno-1389	Q0	vclaim-sno-trump-made-america-the-best-sign	1	41.12403506425566	SimBa
tweet-sno-1390	Q0	vclaim-sno-kamala-harris-protests	1	53.2427081482782	SimBa
tweet-sno-1390	Q0	vclaim-sno-deray-mckesson-and-the-summer-of-chaos	1	43.94305763973879	SimBa
tweet-sno-1390	Q0	vclaim-sno-tomi-lahren-biden-supporters-loot	1	43.75747843236339	SimBa
tweet-sno-1390	Q0	vclaim-sno-fake-aoc-purge-tweet	1	43.6218120799802	SimBa
tweet-sno-1390	Q0	vclaim-sno-does-jade-sacker-work-for-cnn	1	41.1342603187046	SimBa
tweet-sno-1391	Q0	vclaim-sno-biden-trump-dregs-society	1	64.3109722532786	SimBa
tweet-sno-1391	Q0	vclaim-sno-biden-trump-xenophobic	1	50.749599583733236	SimBa
tweet-sno-1391	Q0	vclaim-sno-biden-troops-stupid-bastards	1	47.98514273642886	SimBa
tweet-sno-1391	Q0	vclaim-sno-listen-to-scientists	1	47.59731067384388	SimBa
tweet-sno-1391	Q0	vclaim-sno-harris-biden-blog-post	1	47.2548388119799	SimBa
tweet-sno-1392	Q0	vclaim-sno-biden-pandemic-black-women-grocery	1	54.090934212277475	SimBa
tweet-sno-1392	Q0	vclaim-sno-biden-kenosha-black-looting	1	42.884059074841815	SimBa
tweet-sno-1392	Q0	vclaim-sno-joe-biden-put-yall-back-in-chains	1	41.555490028476996	SimBa
tweet-sno-1392	Q0	vclaim-sno-biden-pardon-blm-protesters	1	40.00542269956239	SimBa
tweet-sno-1392	Q0	vclaim-sno-black-homeless-woman-says-trump-allowed-live-trump-tower-rent-free	1	39.28213622792014	SimBa
tweet-sno-1393	Q0	vclaim-sno-clinton-mccabe-donation	1	55.905257878261395	SimBa
tweet-sno-1393	Q0	vclaim-sno-comey-clinton-foundation	1	46.60474340120292	SimBa
tweet-sno-1393	Q0	vclaim-sno-was-hillary-clinton-offered-a-plea-deal-in-server-investigation-in-august-2017	1	45.593307227207745	SimBa
tweet-sno-1393	Q0	vclaim-sno-trump-fine-stealing-veterans	1	44.67573226181189	SimBa
tweet-sno-1393	Q0	vclaim-sno-trump-obama-plane	1	43.91740703484935	SimBa
tweet-sno-1394	Q0	vclaim-sno-gay-men-proud-boys-hashtag	1	42.66853165165714	SimBa
tweet-sno-1394	Q0	vclaim-sno-california-schools-gay-sex	1	38.12068927533548	SimBa
tweet-sno-1394	Q0	vclaim-sno-gabrielle-ludwig	1	37.104855572373594	SimBa
tweet-sno-1394	Q0	vclaim-sno-mcdonalds-happy-meals	1	36.94320278389371	SimBa
tweet-sno-1394	Q0	vclaim-sno-salvation-army-bellringers-sign-about-the-gays	1	36.80103387049358	SimBa
tweet-sno-1395	Q0	vclaim-sno-gay-men-proud-boys-hashtag	1	52.70788063593529	SimBa
tweet-sno-1395	Q0	vclaim-sno-republican-dean-browning-gay	1	42.37825153903326	SimBa
tweet-sno-1395	Q0	vclaim-sno-trump-supporters-beat-gay-man-in-california	1	39.674794735669835	SimBa
tweet-sno-1395	Q0	vclaim-sno-obama-forces-americans-to-celebrate-gay-sex	1	39.26169597177779	SimBa
tweet-sno-1395	Q0	vclaim-sno-iowa-congressman-retweet-white-supremacist	1	39.12113436187358	SimBa
tweet-sno-1396	Q0	vclaim-sno-bikers-trump-praying-walter-reed	1	49.771272702785204	SimBa
tweet-sno-1396	Q0	vclaim-sno-motorcycle-group-trump-inauguration	1	45.949077076898156	SimBa
tweet-sno-1396	Q0	vclaim-sno-photograph-shows-100000-bikers-at-trump-rally	1	43.85423849033964	SimBa
tweet-sno-1396	Q0	vclaim-sno-pray-bow-golden-trump-statue	1	41.985510666114756	SimBa
tweet-sno-1396	Q0	vclaim-sno-nuns-at-trump-rally-maga	1	41.43904113762781	SimBa
tweet-sno-1397	Q0	vclaim-sno-trump-covid-fundraising	1	49.16223079128433	SimBa
tweet-sno-1397	Q0	vclaim-sno-trump-army-fundraising-email	1	48.299505161458946	SimBa
tweet-sno-1397	Q0	vclaim-sno-trump-campaign-september-31	1	47.55162424683656	SimBa
tweet-sno-1397	Q0	vclaim-sno-trump-donations-veterans	1	41.564217892829426	SimBa
tweet-sno-1397	Q0	vclaim-sno-russia-paid-donald-trump-millions-of-dollars	1	41.18996464056492	SimBa
tweet-sno-1398	Q0	vclaim-sno-amy-coney-barrett-rhodes-scholar	1	56.862624428096396	SimBa
tweet-sno-1398	Q0	vclaim-sno-barrett-jail-guard-ruling	1	39.96885593372075	SimBa
tweet-sno-1398	Q0	vclaim-sno-michelle-obamas-fake-degrees	1	39.25905683861292	SimBa
tweet-sno-1398	Q0	vclaim-sno-brooke-baldwin-military-authority	1	37.96425720308493	SimBa
tweet-sno-1398	Q0	vclaim-sno-indian-journalist-hoax-harvard	1	37.54841810604445	SimBa
tweet-sno-1399	Q0	vclaim-sno-biden-fail-condemn-antifa	1	51.083394014975745	SimBa
tweet-sno-1399	Q0	vclaim-sno-virginia-gun-rally-staged	1	44.36532537567798	SimBa
tweet-sno-1399	Q0	vclaim-sno-biden-antifa-courageous-americans	1	44.1602911831347	SimBa
tweet-sno-1399	Q0	vclaim-sno-antifa-flyer-trump-supporters	1	43.49898950095676	SimBa
tweet-sno-1399	Q0	vclaim-sno-did-antifa-stab-vermont-man	1	43.21865852072645	SimBa
tweet-sno-1400	Q0	vclaim-sno-trump-condemn-white-supremacists	1	49.33786461820935	SimBa
tweet-sno-1400	Q0	vclaim-sno-biden-fail-condemn-antifa	1	41.07552817402555	SimBa
tweet-sno-1400	Q0	vclaim-sno-twitter-warning-trumps-tweet	1	40.2620320083169	SimBa
tweet-sno-1400	Q0	vclaim-sno-adam-butsch-gallows-post-facebook	1	39.9321895529467	SimBa
tweet-sno-1400	Q0	vclaim-sno-naacp-white-supremacists	1	39.90058737507821	SimBa
tweet-sno-1401	Q0	vclaim-sno-bloomberg-pay-florida-felons-vote	1	43.448725724427916	SimBa
tweet-sno-1401	Q0	vclaim-sno-trump-biden-vote-dumps	1	42.76104724205534	SimBa
tweet-sno-1401	Q0	vclaim-sno-michael-bloomberg-donald-trump	1	42.61042419963871	SimBa
tweet-sno-1401	Q0	vclaim-sno-bloomberg-campaign-prisoners	1	42.586144647515916	SimBa
tweet-sno-1401	Q0	vclaim-sno-skinny-joey-merlino-biden	1	42.35893315325128	SimBa
